create_date_time,content,sub_comment_count,comment_like_count,ip_location,gender
2025-03-22 18:00:03+08:00,叮~！您使用 “蜜雪冰城” 发布的微博，已被超话君收录到您的专属超话 蜜雪冰城 中了凹~想知道粉丝们都在超话里聊些什么嘛~快来宠粉翻牌吧！直达现场&gt;&gt;  蜜雪冰城,0,0,,m
2025-03-22 18:29:50+08:00,到了桃子🍑的季节了吗？,0,1,河南,f
2025-03-22 18:01:01+08:00,第一,0,1,北京,f
2025-03-22 20:31:22+08:00,可爱嘻嘻！,0,0,新疆,f
2025-03-22 18:42:51+08:00,是有新品了嘛，雪王。又努力工作了一天,0,0,天津,f
2025-03-22 18:10:15+08:00,雪，看我名字,0,0,陕西,m
2025-03-22 18:02:31+08:00,我哭亖，雪王是真用水果啊,0,0,湖南,f
2025-03-22 20:52:20+08:00,雪王打工哈哈哈哈哈,0,0,河南,f
2025-03-22 20:49:25+08:00,再说一次！香芋大圣代！！,0,0,四川,f
2025-03-22 20:47:25+08:00,这吨位一车少拉半车🍑,0,0,湖北,f
2025-03-18 17:25:02+08:00,@跟着小狗就对了 没有熬夜的柠檬只有熬夜的打工人,9,278,福建,f
2025-03-18 17:18:20+08:00,哈哈哈哈，笑死，熬夜的柠檬🍋,0,70,四川,f
2025-03-18 16:36:26+08:00,熬夜柠檬,0,21,北京,f
2025-03-18 18:47:30+08:00,熬夜柠檬杯,0,13,吉林,f
2025-03-18 18:49:34+08:00,柠檬就不需要休息了嘛,0,16,江苏,f
2025-03-18 23:12:28+08:00,熬夜柠檬，哈哈哈,0,2,安徽,f
2025-03-19 00:34:24+08:00,可怜的打工人,0,4,浙江,f
2025-03-19 07:10:30+08:00,最终打工人承担了所有,0,0,四川,f
2025-03-18 22:06:07+08:00,,0,0,山东,f
2025-03-18 18:10:21+08:00,,0,0,湖南,f
2025-03-22 07:21:37+08:00,不够自由化是吧,2,196,北京,m
2025-03-22 10:37:27+08:00,原来是这样啊,0,94,北京,f
2025-03-22 10:29:11+08:00,越想黑蜜雪蜜雪更加红！！,0,87,广东,m
2025-03-22 12:34:58+08:00,哎～你别说～你还真别说。。。,0,50,广东,f
2025-03-22 15:07:08+08:00,真相大白,0,28,广西,m
2025-03-22 14:28:16+08:00,yysy搞思想工作还是有一套的,0,5,上海,f
2025-03-22 09:30:54+08:00,拍马屁而已,4,1,浙江,m
2025-03-22 18:12:21+08:00,很有可能这就是那五学当记者时候就有的敲诈手段,0,6,北京,f
2025-03-22 09:33:49+08:00,河南媒体不值得，建议搬来湖南,3,6,湖南,f
2025-03-22 14:36:15+08:00,居然很有说服力～,0,11,上海,f
2025-03-21 23:12:13+08:00,柠檬水是蜜雪冰城唯一好喝的了，其他都很难喝,116,246,广东,m
2025-03-21 23:17:12+08:00,那个拿剑的雪王有点像……,2,385,广东,m
2025-03-21 23:15:13+08:00,报废柠檬再告你个浪费食物,4,254,吉林,m
2025-03-21 23:12:24+08:00,雪王摆平自己，其他摆平媒体,0,167,江苏,m
2025-03-21 23:31:37+08:00,这下每天浪费的就要超过94.5吨了,3,93,福建,f
2025-03-22 07:11:50+08:00,因为媒体公器私用想讹诈钱，每年几百吨柠檬就被浪费了。等等，食物浪费是比PUA逼人自杀还严重的罪行，这不是央视最近强调的吗？你们媒体TM的能不能要点脸?,1,64,北京,m
2025-03-22 08:05:36+08:00,我还是在继续喝三分糖的冰柠檬水，我喜欢喝这个口感,4,11,北京,m
2025-03-22 03:34:38+08:00,“我不认为这是高尚的”,0,11,河南,m
2025-03-22 08:08:30+08:00,信不信明年315媒体会抨击蜜雪每年浪费94.6吨的柠檬，明明柠檬没坏却要被扔掉,0,19,河南,f
2025-03-22 02:43:32+08:00,那当天闭店前可以去要用剩下的吗？,1,4,北京,m
2025-03-22 14:48:51+08:00,我觉得那个香芋香精味太重了（虽然这个价格也不能要求什么。,3,7,北京,f
2025-03-22 14:47:23+08:00,我们这儿怎么没有,3,0,河南,f
2025-03-22 14:45:58+08:00,糯米是真的加进去了还是口感形容,1,0,福建,f
2025-03-22 14:45:14+08:00,？？？？出了我不知道的新口味啊啊啊啊,0,1,湖南,f
2025-03-22 14:52:19+08:00,同意！但是每次买他们都没有脆皮和糯米滋,2,0,安徽,f
2025-03-22 20:28:05+08:00,好怀念麦当劳的奶昔,0,0,山东,f
2025-03-22 17:50:54+08:00,对的对的！上回去买只吃到了布丁的好可惜,0,0,四川,f
2025-03-22 15:13:16+08:00,我们这没有看着好好吃啊…,0,0,海南,f
2025-03-22 20:46:10+08:00,好吃,0,0,湖北,m
2025-03-22 19:29:56+08:00,离我最近的那家只有布丁版,0,0,湖北,f
2025-03-22 10:42:07+08:00,看看怎么回事,1,2,上海,f
2025-03-22 10:38:53+08:00,这是怎么回事,1,2,上海,f
2025-03-22 10:36:11+08:00,,0,1,安徽,f
2025-03-22 10:36:08+08:00,好玩,0,1,安徽,f
2025-03-22 10:36:01+08:00,可爱,0,1,安徽,f
2025-03-22 12:15:07+08:00,不会吧！,0,0,北京,f
2025-03-22 11:01:37+08:00,什么情况,0,0,四川,f
2025-03-22 10:47:41+08:00,咋回事啊,0,0,广西,m
2025-03-22 11:08:53+08:00,上午好！,0,0,贵州,f
2025-03-22 10:46:19+08:00,感谢分享,0,0,江苏,f
2025-03-22 17:27:29+08:00,尸体vv一暖,0,0,越南,f
2025-03-22 15:12:03+08:00,嘻嘻,0,0,广东,f
2025-03-22 18:15:01+08:00,我一会就去买,1,1,浙江,f
2025-03-22 18:13:16+08:00,寒暑假，孩跟我去办公室，都会请他！,1,1,江苏,m
2025-03-22 09:44:27+08:00,弟弟刚刚点了两杯蜜雪冰城的，一杯柠檬水，一杯椰椰,1,1,广西,m
2025-03-22 20:26:40+08:00,晚上好呀,0,0,山西,m
2025-03-22 19:56:44+08:00,晚上好啊,0,0,广东,f
2025-03-22 19:55:22+08:00,感谢分享,0,0,辽宁,m
2025-03-22 19:48:13+08:00,晚上好呀，天天好心情！,0,0,重庆,f
2025-03-22 19:38:16+08:00,晚上好啊，周六愉快,0,0,天津,f
2025-03-22 19:37:50+08:00,可以可以哦～,0,0,广东,f
2025-03-22 19:28:24+08:00,晚上好呀,0,0,湖南,m
2025-03-22 19:28:17+08:00,这个文案很好,0,0,安徽,f
2025-03-22 19:14:49+08:00,周末愉快，感谢分享,0,0,山东,f
2025-03-22 20:37:42+08:00,,0,0,内蒙古,m
2025-03-22 20:31:19+08:00,真的又便宜又好喝,0,0,湖南,f
2025-03-22 20:33:10+08:00,大家都爱,0,0,广东,f
2025-03-22 20:35:07+08:00,真的太像雪王了，尤其脸蛋圆圆的，可可爱爱的,0,14,浙江,f
2025-03-22 20:35:33+08:00,雪王那个弹幕好好笑,0,3,重庆,f
2025-03-22 20:36:53+08:00,哈哈哈真的,0,0,陕西,f
2025-03-22 20:47:02+08:00,今晚的母女情看哭了,0,0,四川,m
2025-03-22 20:39:19+08:00,真的,0,0,湖北,f
2025-03-22 20:42:48+08:00,我🙋🏻♂️,0,1,山东,m
2025-03-22 20:50:58+08:00,,0,0,山东,m
2025-03-22 20:51:44+08:00,,0,0,山东,m
2025-03-22 20:41:16+08:00,,0,0,山东,f
2025-03-22 20:35:43+08:00,,0,0,湖北,m
2025-03-22 20:53:11+08:00,me,0,0,北京,m
2025-03-22 20:52:49+08:00,来试试,0,0,江苏,m
2025-03-22 20:52:16+08:00,金粉呢？排除在外了？,0,0,北京,m
2025-03-22 20:50:00+08:00,,0,0,广西,f
2025-03-22 20:49:19+08:00,看看是不是,0,0,北京,m
2025-03-22 20:44:48+08:00,圣代的诱惑谁能抵挡，不吃后悔系列，我猜你的味蕾现在正在跳舞,0,0,罗伯特贱萌版,f
2025-03-22 20:44:47+08:00,看来蜜雪要拿“最佳陪伴奖”来回报你的厚爱了，毕竟不是谁都愿意一天喝四杯的！,0,0,罗伯特贱萌版,f
2025-03-21 20:23:18+08:00,山姆的过期牛奶怎么这群逼都禁声了,19,799,重庆,m
2025-03-21 20:29:33+08:00,我以前从没喝过蜜雪冰城，特意买了两杯。,17,259,湖南,m
2025-03-21 20:08:28+08:00,确实啊，查来查去就查到隔夜柠檬。。,3,210,广东,m
2025-03-21 20:09:37+08:00,媒体：众人皆夸我独骂，举世皆浊我清高,4,139,河南,m
2025-03-21 21:39:40+08:00,我看着冰箱里那半个放了一周的柠檬，还有前天剩的红烧肉，口水鸡陷入沉思！,6,125,广东,m
2025-03-21 22:21:07+08:00,气的我一个糖尿病患者都买了杯柠檬水感觉欺负到自己头上了,4,61,吉林,m
2025-03-21 20:31:24+08:00,这么便宜的价格还用真的水果，我觉得很良心了……,1,71,江苏,f
2025-03-21 21:10:03+08:00,支持 我以前还以为蜜雪冰城是科技才这么便宜,0,39,山东,m
2025-03-21 20:47:39+08:00,昨天消费的柠檬水，3.32元。,1,24,北京,m
2025-03-21 21:53:39+08:00,感谢TV，我有知道了一家良心企业,0,30,江西,m
2025-03-22 20:41:10+08:00,upup,1,0,广东,f
2025-03-22 20:41:18+08:00,老婆我有一个号但是已经一年还是多久没玩了，五六十级的样子需要嘛,5,0,湖南,f
2025-03-22 20:41:33+08:00,老婆我有平时有个代肝姐姐做日常 不过一般是都是上午上线她 你可以补补活动啥的,3,0,湖北,f
2025-03-22 20:41:07+08:00,老婆我可以,2,0,河南,f
2025-03-22 20:21:26+08:00,党建，中！河南，中！双双都中了。,1,42,上海,f
2025-03-22 20:23:04+08:00,媒体：完了，抽错卡了，抽了张SSR,1,14,江苏,m
2025-03-22 20:22:45+08:00,全通了,0,7,四川,f
2025-03-22 20:21:09+08:00,这个药好不好，我吃了四年，我能不知道吗,1,9,湖北,m
2025-03-22 20:25:23+08:00,很好，更爱蜜雪了,0,2,湖北,m
2025-03-22 20:33:58+08:00,原来如此啊//@沈逸:很明显，那些疯狂撕咬的，就是冲着这个去的呗，要不然就🍋隔夜，至于么,0,1,宁夏,f
2025-03-22 20:41:20+08:00,做蛋炒饭的米饭，不隔夜我还不吃呢,0,0,广东,f
2025-03-22 20:27:25+08:00,怪不得。,0,0,湖南,f
2025-03-22 20:42:10+08:00,//@沈逸:很明显，那些疯狂撕咬的，就是冲着这个去的呗，要不然就🍋隔夜，至于么,0,0,北京,f
2025-03-22 20:41:17+08:00,又一个“人民企业”要诞生了吗？极好,0,0,北京,m
2025-03-21 20:23:18+08:00,山姆的过期牛奶怎么这群逼都禁声了,19,799,重庆,m
2025-03-21 20:29:33+08:00,我以前从没喝过蜜雪冰城，特意买了两杯。,17,259,湖南,m
2025-03-21 20:08:28+08:00,确实啊，查来查去就查到隔夜柠檬。。,3,210,广东,m
2025-03-21 20:09:37+08:00,媒体：众人皆夸我独骂，举世皆浊我清高,4,139,河南,m
2025-03-21 21:39:40+08:00,我看着冰箱里那半个放了一周的柠檬，还有前天剩的红烧肉，口水鸡陷入沉思！,6,125,广东,m
2025-03-21 22:21:07+08:00,气的我一个糖尿病患者都买了杯柠檬水感觉欺负到自己头上了,4,61,吉林,m
2025-03-21 20:31:24+08:00,这么便宜的价格还用真的水果，我觉得很良心了……,1,71,江苏,f
2025-03-21 21:10:03+08:00,支持 我以前还以为蜜雪冰城是科技才这么便宜,0,39,山东,m
2025-03-21 20:47:39+08:00,昨天消费的柠檬水，3.32元。,1,24,北京,m
2025-03-21 21:53:39+08:00,感谢TV，我有知道了一家良心企业,0,30,江西,m
2025-03-22 20:41:10+08:00,upup,1,0,广东,f
2025-03-22 20:41:18+08:00,老婆我有一个号但是已经一年还是多久没玩了，五六十级的样子需要嘛,5,0,湖南,f
2025-03-22 20:41:33+08:00,老婆我有平时有个代肝姐姐做日常 不过一般是都是上午上线她 你可以补补活动啥的,3,0,湖北,f
2025-03-22 20:41:07+08:00,老婆我可以,2,0,河南,f
2025-03-22 20:21:26+08:00,党建，中！河南，中！双双都中了。,1,42,上海,f
2025-03-22 20:23:04+08:00,媒体：完了，抽错卡了，抽了张SSR,1,14,江苏,m
2025-03-22 20:22:45+08:00,全通了,0,7,四川,f
2025-03-22 20:21:09+08:00,这个药好不好，我吃了四年，我能不知道吗,1,9,湖北,m
2025-03-22 20:25:23+08:00,很好，更爱蜜雪了,0,2,湖北,m
2025-03-22 20:33:58+08:00,原来如此啊//@沈逸:很明显，那些疯狂撕咬的，就是冲着这个去的呗，要不然就🍋隔夜，至于么,0,1,宁夏,f
2025-03-22 20:41:20+08:00,做蛋炒饭的米饭，不隔夜我还不吃呢,0,0,广东,f
2025-03-22 20:27:25+08:00,怪不得。,0,0,湖南,f
2025-03-22 20:42:10+08:00,//@沈逸:很明显，那些疯狂撕咬的，就是冲着这个去的呗，要不然就🍋隔夜，至于么,0,0,北京,f
2025-03-22 20:41:17+08:00,又一个“人民企业”要诞生了吗？极好,0,0,北京,m
2025-03-22 20:46:40+08:00,我看看我这有没有有我就试试,2,0,上海,f
2025-03-22 10:42:07+08:00,看看怎么回事,1,2,上海,f
2025-03-22 10:38:53+08:00,这是怎么回事,1,2,上海,f
2025-03-22 10:36:11+08:00,,0,1,安徽,f
2025-03-22 10:36:08+08:00,好玩,0,1,安徽,f
2025-03-22 10:36:01+08:00,可爱,0,1,安徽,f
2025-03-22 12:15:07+08:00,不会吧！,0,0,北京,f
2025-03-22 11:01:37+08:00,什么情况,0,0,四川,f
2025-03-22 10:47:41+08:00,咋回事啊,0,0,广西,m
2025-03-22 11:08:53+08:00,上午好！,0,0,贵州,f
2025-03-22 10:46:19+08:00,感谢分享,0,0,江苏,f
2025-03-22 14:48:51+08:00,我觉得那个香芋香精味太重了（虽然这个价格也不能要求什么。,3,7,北京,f
2025-03-22 14:47:23+08:00,我们这儿怎么没有,3,0,河南,f
2025-03-22 14:45:58+08:00,糯米是真的加进去了还是口感形容,1,0,福建,f
2025-03-22 14:45:14+08:00,？？？？出了我不知道的新口味啊啊啊啊,0,1,湖南,f
2025-03-22 14:52:19+08:00,同意！但是每次买他们都没有脆皮和糯米滋,2,0,安徽,f
2025-03-22 20:28:05+08:00,好怀念麦当劳的奶昔,0,0,山东,f
2025-03-22 17:50:54+08:00,对的对的！上回去买只吃到了布丁的好可惜,0,0,四川,f
2025-03-22 15:13:16+08:00,我们这没有看着好好吃啊…,0,0,海南,f
2025-03-22 20:46:10+08:00,好吃,0,0,湖北,m
2025-03-22 19:29:56+08:00,离我最近的那家只有布丁版,0,0,湖北,f
2025-03-22 20:52:17+08:00,虽然甜度飙升，但小雪的分量感我get到了，一贯的style嘛~,0,0,北京,m
2025-03-22 14:48:51+08:00,我觉得那个香芋香精味太重了（虽然这个价格也不能要求什么。,3,7,北京,f
2025-03-22 14:47:23+08:00,我们这儿怎么没有,3,0,河南,f
2025-03-22 14:45:58+08:00,糯米是真的加进去了还是口感形容,1,0,福建,f
2025-03-22 14:45:14+08:00,？？？？出了我不知道的新口味啊啊啊啊,0,1,湖南,f
2025-03-22 14:52:19+08:00,同意！但是每次买他们都没有脆皮和糯米滋,2,0,安徽,f
2025-03-22 20:28:05+08:00,好怀念麦当劳的奶昔,0,0,山东,f
2025-03-22 17:50:54+08:00,对的对的！上回去买只吃到了布丁的好可惜,0,0,四川,f
2025-03-22 15:13:16+08:00,我们这没有看着好好吃啊…,0,0,海南,f
2025-03-22 20:46:10+08:00,好吃,0,0,湖北,m
2025-03-22 19:29:56+08:00,离我最近的那家只有布丁版,0,0,湖北,f
2025-03-22 20:52:17+08:00,虽然甜度飙升，但小雪的分量感我get到了，一贯的style嘛~,0,0,北京,m
2025-03-22 07:21:42+08:00,为什么高德搜了一下，给我显示疑似关闭………我要去看！我要去参观！,0,6,河南,f
2025-03-22 07:38:51+08:00,查理的巧克力工厂即视化,0,6,山东,f
2025-03-22 16:46:13+08:00,卧槽，想去玩！,0,0,北京,f
2025-03-22 14:31:13+08:00,卧槽这个要是能去搞个联合主题党日还是有意思的,0,1,重庆,m
2025-03-22 07:17:46+08:00,好有趣,0,1,陕西,f
2025-03-22 17:28:50+08:00,想去,0,0,江西,f
2025-03-22 16:43:46+08:00,老家河南,0,0,河南,f
2025-03-22 07:48:45+08:00,这倒是的,0,0,上海,f
2025-03-22 07:41:45+08:00,哇蜜雪冰城大电影可以提上日程了吧,0,1,安徽,f
2025-03-22 16:35:48+08:00,居然在焦作。,0,0,河南,m
2025-03-22 19:15:31+08:00,哈哈哈哈哈哈哈哈哈 解气,0,1,河南,m
2025-03-22 19:08:01+08:00,建议看2D IMAX,1,0,北京,m
2025-03-22 20:54:38+08:00,回来的正是时候，现在哪吒imax的位置随便选，我去前两次位置都不是很理想。。准备3刷,0,0,上海,m
2025-03-22 18:44:14+08:00,哈哈哈哈回来了,0,0,广东,f
2025-03-22 20:07:30+08:00,哈哈哈第二条,0,0,重庆,f
2025-03-22 19:29:17+08:00,转发微博,0,0,北京,m
2025-03-22 19:58:28+08:00,哈哈哈哈哈哈,0,0,北京,f
2025-03-22 20:30:33+08:00,哈哈这个办法可以,0,1,河南,f
2025-03-22 20:29:25+08:00,太惨了,1,1,浙江,f
2025-03-22 20:22:24+08:00,这经历有点惨，不过可能店里有规定，以后工作可得注意点。,0,1,江苏,m
2025-03-22 20:30:18+08:00,@蜜雪冰城 店长是用来干什么的 还跟我说是新员工的问题 不想多说了,0,0,浙江,f
2025-03-22 20:51:43+08:00,下次来杯开心果，心情或许真就果绿了，生活嘛，加点料更有味~,0,0,北京,m
2025-03-22 17:17:43+08:00,吃点华莱士拉出来,1,8,贵州,f
2025-03-22 17:26:44+08:00,赶紧吃几个无骨鸡爪掏一掏,1,6,山东,f
2025-03-22 17:17:43+08:00,吃点华莱士打掉,1,2,北京,f
2025-03-22 18:58:24+08:00,严重误食（超级好吃）,0,3,云南,f
2025-03-22 17:25:47+08:00,哈哈哈哈哈一开始没明白什么意思，看评论区看明白了大家太逗了,0,1,天津,f
2025-03-22 17:18:02+08:00,再配点麦当劳调理下吧,0,0,广东,f
2025-03-22 17:19:50+08:00,喝杯奶茶压一压,0,0,江西,f
2025-03-22 17:17:44+08:00,吃个炸鸡压压惊,0,0,辽宁,f
2025-03-22 20:30:18+08:00,@蜜雪冰城 店长是用来干什么的 还跟我说是新员工的问题 不想多说了,0,0,浙江,f
2025-03-22 20:51:43+08:00,下次来杯开心果，心情或许真就果绿了，生活嘛，加点料更有味~,0,0,北京,m
2025-03-22 17:17:43+08:00,吃点华莱士拉出来,1,8,贵州,f
2025-03-22 17:26:44+08:00,赶紧吃几个无骨鸡爪掏一掏,1,6,山东,f
2025-03-22 17:17:43+08:00,吃点华莱士打掉,1,2,北京,f
2025-03-22 18:58:24+08:00,严重误食（超级好吃）,0,3,云南,f
2025-03-22 17:25:47+08:00,哈哈哈哈哈一开始没明白什么意思，看评论区看明白了大家太逗了,0,1,天津,f
2025-03-22 17:18:02+08:00,再配点麦当劳调理下吧,0,0,广东,f
2025-03-22 17:19:50+08:00,喝杯奶茶压一压,0,0,江西,f
2025-03-22 17:17:44+08:00,吃个炸鸡压压惊,0,0,辽宁,f
2025-03-22 20:28:37+08:00,这应该上315,0,0,河南,m
2025-03-22 20:36:44+08:00,那必须,0,0,广东,m
2025-03-22 11:13:12+08:00,这个主题好好看  在哪里拍的呀,1,0,浙江,f
2025-03-22 13:58:12+08:00,公主好美,1,1,韩国,f
2025-03-22 20:45:33+08:00,好棒,0,0,北京,m
2025-03-22 12:18:04+08:00,我滴个乖乖，真棒,0,0,河南,m
2025-03-22 11:52:22+08:00,好漂亮,0,0,贵州,m
2025-03-22 11:31:39+08:00,好美[小繁花][小繁花][小繁花][小繁花][小繁花][小繁花],0,0,上海,m
2025-03-21 23:12:13+08:00,柠檬水是蜜雪冰城唯一好喝的了，其他都很难喝,116,246,广东,m
2025-03-21 23:17:12+08:00,那个拿剑的雪王有点像……,2,385,广东,m
2025-03-21 23:15:13+08:00,报废柠檬再告你个浪费食物,4,255,吉林,m
2025-03-21 23:12:24+08:00,雪王摆平自己，其他摆平媒体,0,167,江苏,m
2025-03-21 23:31:37+08:00,这下每天浪费的就要超过94.5吨了,3,94,福建,f
2025-03-22 07:11:50+08:00,因为媒体公器私用想讹诈钱，每年几百吨柠檬就被浪费了。等等，食物浪费是比PUA逼人自杀还严重的罪行，这不是央视最近强调的吗？你们媒体TM的能不能要点脸?,1,64,北京,m
2025-03-22 08:05:36+08:00,我还是在继续喝三分糖的冰柠檬水，我喜欢喝这个口感,4,11,北京,m
2025-03-22 03:34:38+08:00,“我不认为这是高尚的”,0,11,河南,m
2025-03-22 08:08:30+08:00,信不信明年315媒体会抨击蜜雪每年浪费94.6吨的柠檬，明明柠檬没坏却要被扔掉,0,19,河南,f
2025-03-22 02:43:32+08:00,那当天闭店前可以去要用剩下的吗？,1,4,北京,m
2025-03-18 17:25:02+08:00,@跟着小狗就对了 没有熬夜的柠檬只有熬夜的打工人,9,278,福建,f
2025-03-18 17:18:20+08:00,哈哈哈哈，笑死，熬夜的柠檬🍋,0,70,四川,f
2025-03-18 16:36:26+08:00,熬夜柠檬,0,21,北京,f
2025-03-18 18:47:30+08:00,熬夜柠檬杯,0,13,吉林,f
2025-03-18 18:49:34+08:00,柠檬就不需要休息了嘛,0,16,江苏,f
2025-03-18 23:12:28+08:00,熬夜柠檬，哈哈哈,0,2,安徽,f
2025-03-19 00:34:24+08:00,可怜的打工人,0,4,浙江,f
2025-03-19 07:10:30+08:00,最终打工人承担了所有,0,0,四川,f
2025-03-18 22:06:07+08:00,,0,0,山东,f
2025-03-18 18:10:21+08:00,,0,0,湖南,f
2025-03-22 18:00:03+08:00,叮~！您使用 “蜜雪冰城” 发布的微博，已被超话君收录到您的专属超话 蜜雪冰城 中了凹~想知道粉丝们都在超话里聊些什么嘛~快来宠粉翻牌吧！直达现场&gt;&gt;  蜜雪冰城,0,0,,m
2025-03-22 18:29:50+08:00,到了桃子🍑的季节了吗？,0,1,河南,f
2025-03-22 18:01:01+08:00,第一,0,1,北京,f
2025-03-22 20:31:22+08:00,可爱嘻嘻！,0,0,新疆,f
2025-03-22 18:42:51+08:00,是有新品了嘛，雪王。又努力工作了一天,0,0,天津,f
2025-03-22 18:10:15+08:00,雪，看我名字,0,0,陕西,m
2025-03-22 18:02:31+08:00,我哭亖，雪王是真用水果啊,0,0,湖南,f
2025-03-22 20:52:20+08:00,雪王打工哈哈哈哈哈,0,0,河南,f
2025-03-22 20:49:25+08:00,再说一次！香芋大圣代！！,0,0,四川,f
2025-03-22 20:47:25+08:00,这吨位一车少拉半车🍑,0,0,湖北,f
2025-03-22 07:21:37+08:00,不够自由化是吧,2,202,北京,m
2025-03-22 10:37:27+08:00,原来是这样啊,0,98,北京,f
2025-03-22 10:29:11+08:00,越想黑蜜雪蜜雪更加红！！,0,90,广东,m
2025-03-22 12:34:58+08:00,哎～你别说～你还真别说。。。,0,51,广东,f
2025-03-22 15:07:08+08:00,真相大白,0,29,广西,m
2025-03-22 18:12:21+08:00,很有可能这就是那五学当记者时候就有的敲诈手段,0,8,北京,f
2025-03-22 14:28:16+08:00,yysy搞思想工作还是有一套的,0,5,上海,f
2025-03-22 09:30:54+08:00,拍马屁而已,4,1,浙江,m
2025-03-22 09:33:49+08:00,河南媒体不值得，建议搬来湖南,3,6,湖南,f
2025-03-22 14:36:15+08:00,居然很有说服力～,0,12,上海,f
2025-03-21 20:23:18+08:00,山姆的过期牛奶怎么这群逼都禁声了,19,801,重庆,m
2025-03-21 20:29:33+08:00,我以前从没喝过蜜雪冰城，特意买了两杯。,17,260,湖南,m
2025-03-21 20:08:28+08:00,确实啊，查来查去就查到隔夜柠檬。。,3,210,广东,m
2025-03-21 20:09:37+08:00,媒体：众人皆夸我独骂，举世皆浊我清高,4,139,河南,m
2025-03-21 21:39:40+08:00,我看着冰箱里那半个放了一周的柠檬，还有前天剩的红烧肉，口水鸡陷入沉思！,6,125,广东,m
2025-03-21 22:21:07+08:00,气的我一个糖尿病患者都买了杯柠檬水感觉欺负到自己头上了,4,61,吉林,m
2025-03-21 20:31:24+08:00,这么便宜的价格还用真的水果，我觉得很良心了……,1,71,江苏,f
2025-03-21 21:10:03+08:00,支持 我以前还以为蜜雪冰城是科技才这么便宜,0,39,山东,m
2025-03-21 20:47:39+08:00,昨天消费的柠檬水，3.32元。,1,24,北京,m
2025-03-21 21:53:39+08:00,感谢TV，我有知道了一家良心企业,0,30,江西,m
2025-03-21 19:04:27+08:00,泰山顶居然还有蜜雪冰城,12,172,广东,m
2025-03-21 18:56:44+08:00,我记得线下买是4块,13,23,山东,m
2025-03-21 20:17:39+08:00,泰山顶上水才4块放全国景区都算良心价了,3,49,山东,f
2025-03-21 19:20:19+08:00,河南也是，景区雪王只加一元钱,0,54,广东,f
2025-03-21 21:05:57+08:00,泰山是所有5A景区最良心的了,1,16,山东,m
2025-03-21 19:42:32+08:00,差不多吧，之前出去旅游，有个景区里边小小的水果盒10-15块一盒，矿泉水5块，冰鲜柠檬水也是5块。,0,5,吉林,m
2025-03-22 00:10:02+08:00,蜜雪事件就跟当年长城找比亚迪毛病，从里到外翻了个遍，最后就找出个高压油箱的问题。实在是挑不出大毛病了,0,9,北京,m
2025-03-21 22:15:29+08:00,我在三亚海角天涯逛的时候，别人卖那么贵，蜜雪冰城也没涨价,0,8,山东,m
2025-03-21 20:50:08+08:00,什么，泰山顶5块？卧槽,0,3,上海,m
2025-03-22 11:40:41+08:00,“甘露普济雪饮真君”,0,3,江苏,m
2025-03-22 01:19:24+08:00,我哥们儿，蜜雪冰城暑假工，一天炫了 14 个冰激凌，店长跟他打赌能吃10 个就给他排休一天，结果他自己吃了 14 个，店长跟老板说了，老板过来说再炫两个今天工资加 50 块钱，他二话不说炫了，当晚就高烧，然后就被开了（50 真给了,6,356,北京,f
2025-03-22 03:56:01+08:00,啊？我朋友试用前三天都没有工资，你老板还怪好的。,8,52,广东,m
2025-03-22 09:55:40+08:00,咱就还是说先跟他们混熟在喝呗，等熟了想喝多少喝多少,3,74,江西,f
2025-03-22 10:05:41+08:00,嘴巴是不是有点太馋了,0,49,河南,m
2025-03-22 11:04:06+08:00,怎么宝子还要发出来网暴自己呢,0,41,湖北,f
2025-03-22 11:29:34+08:00,有没有可能是你挑了最忙的时候给自己做奶茶！毕竟这种奶茶店不可能不让员工自喝，在最忙的时候摸鱼给自己做奶茶还无视自喝要求，可能才是真正被辞退的原因！包括你同事打小报告可能就是你没有按照要求自喝！一般来说小料奶茶多少无所谓，但是杯子是客用并且计数的！,0,40,广东,f
2025-03-22 10:57:17+08:00,我在蜜雪打工的时候，自带杯子随便喝不能用店里杯子，因为我们算账计数是根据杯子数量来算的,0,42,贵州,f
2025-03-22 10:49:30+08:00,这种第一天就占小便宜的，必须抓紧开了。第一天就喝奶茶，后面熟了不定顺你什么东西,0,30,天津,m
2025-03-22 10:27:40+08:00,到个新环境要观察一下规则吧，喝点事小，情商事大哇,0,16,北京,m
2025-03-22 10:20:48+08:00,给的数还蛮讲究的,0,9,北京,m
2025-03-22 10:29:56+08:00,分析到位,0,0,浙江,f
2025-03-22 14:50:20+08:00,蜜雪冰城价格比其他奶茶普遍低三分之一，我都不敢喝,0,0,广东,m
2025-03-21 18:22:31+08:00,今天四五个同事集体买雪王之前等于是喝咖啡的主,0,1,陕西,m
2025-03-21 22:32:11+08:00,想点柠檬水外卖都凑不够人头，二十起送得摇五个人！,0,0,北京,f
2025-03-21 14:39:52+08:00,“公共舆论与其花力气和网友battle蜜雪冰城的“隔夜柠檬”是否存在严重问题，不如将注意力放到对一些更深层次的问题的追踪上。相信届时人心依旧会齐齐站在敢于曝光问题、为民监督的舆论一边。”这句话说到我心里了～,1,27,浙江,f
2025-03-21 15:02:23+08:00,既然出现了错误就应该认真对待，扎扎实实去整改，整改后一定会迎来温暖的春天。,0,2,宁夏,m
2025-03-21 15:08:21+08:00,与其在“雪王”的争议中打转，舆论更应跳出对单一事件的过度聚焦，将目光投向更广泛的消费品安全问题。只有真正加强监管、提高行业标准、严惩违法行为，才能让消费者的每一分钱都换回相应的价值，每一次消费都获得应有的保障。,0,1,,m
2025-03-21 15:08:08+08:00,媒体监督企业抓好食品安全，这本身再正常不过，舆论力挺“再小的食品安全问题也不容忽视”这一立场也无可指摘，只不过当事件具体到蜜雪冰城这一特殊案例时，部分消费者心中那根守护“性价比之选”的敏感神经就被挑动了。,0,0,,m
2025-03-21 10:13:43+08:00,怎么就盯着雪王,0,15,浙江,m
2025-03-21 15:44:34+08:00,能把关注点放在卫生巾上么？都不知道能买哪个牌子了，这个月就得用呢,0,5,河南,f
2025-03-21 18:27:03+08:00,图片评论,0,5,重庆,m
2025-03-22 07:49:59+08:00,X龙鱼油罐车是不是更可怕一些啊,0,1,四川,m
2025-03-21 14:56:09+08:00,主要是雪王便宜呀，而且还真材实料，总比吃科技的好,0,1,广东,m
2025-03-21 19:46:51+08:00,马上去买蜜雪柠檬水,0,0,浙江,m
2025-03-22 19:45:42+08:00,再加两杯~明天下午开奖！,0,1,上海,m
2025-03-22 07:27:16+08:00,蛮好,1,0,上海,m
2025-03-22 05:07:41+08:00,失业好几年了,0,0,辽宁,m
2025-03-22 02:20:31+08:00,正在休息，前两年工作量太大，给自己放个小假,2,0,辽宁,m
2025-03-21 23:45:01+08:00,不行,1,0,河南,f
2025-03-21 23:17:44+08:00,说实话很累 就是每个月发工资给我打一剂强心 然后继续累,1,0,福建,m
2025-03-22 11:31:53+08:00,希望和绝望并存,1,0,江苏,m
2025-03-22 09:57:41+08:00,早安,1,0,中国台湾,f
2025-03-22 02:20:21+08:00,我要,1,0,福建,f
2025-03-21 23:54:17+08:00,活少钱少，大家都好,1,0,广东,m
2025-03-22 20:56:52+08:00,我们这有啊？甚至还有双炫。,1,0,安徽,f
2025-03-22 20:35:07+08:00,真的太像雪王了，尤其脸蛋圆圆的，可可爱爱的,0,17,浙江,f
2025-03-22 20:35:33+08:00,雪王那个弹幕好好笑,0,4,重庆,f
2025-03-22 20:36:53+08:00,哈哈哈真的,0,0,陕西,f
2025-03-22 20:47:02+08:00,今晚的母女情看哭了,0,0,四川,m
2025-03-22 20:39:19+08:00,真的,0,0,湖北,f
2025-03-22 20:57:48+08:00,支持雪雪,0,0,河南,f
2025-03-22 20:54:01+08:00,今天我这有满15抽奖，抽到一个杯子,2,1,上海,f
2025-03-22 20:55:56+08:00,嗨幕，为什么我没中！哦我没抽啊,0,0,云南,f
2025-03-22 20:42:48+08:00,我🙋🏻♂️,0,1,山东,m
2025-03-22 20:50:58+08:00,,0,0,山东,m
2025-03-22 20:51:44+08:00,,0,0,山东,m
2025-03-22 20:41:16+08:00,,0,0,山东,f
2025-03-22 20:35:43+08:00,,0,0,湖北,m
2025-03-22 21:01:02+08:00,为啥夹？,0,0,上海,m
2025-03-22 20:58:25+08:00,好嘛,0,0,广东,m
2025-03-22 20:57:05+08:00,铁粉？,0,0,湖北,m
2025-03-22 20:53:11+08:00,me,0,0,北京,m
2025-03-22 20:52:49+08:00,来试试,0,0,江苏,m
2025-03-22 07:21:37+08:00,不够自由化是吧,2,203,北京,m
2025-03-22 10:37:27+08:00,原来是这样啊,0,99,北京,f
2025-03-22 10:29:11+08:00,越想黑蜜雪蜜雪更加红！！,0,90,广东,m
2025-03-22 12:34:58+08:00,哎～你别说～你还真别说。。。,0,51,广东,f
2025-03-22 15:07:08+08:00,真相大白,0,29,广西,m
2025-03-22 18:12:21+08:00,很有可能这就是那五学当记者时候就有的敲诈手段,0,8,北京,f
2025-03-22 14:28:16+08:00,yysy搞思想工作还是有一套的,0,5,上海,f
2025-03-22 09:30:54+08:00,拍马屁而已,4,1,浙江,m
2025-03-22 09:33:49+08:00,河南媒体不值得，建议搬来湖南,3,6,湖南,f
2025-03-22 14:36:15+08:00,居然很有说服力～,0,12,上海,f
2025-03-22 20:46:04+08:00,蜜雪冰城的杯子太可爱，跳单也值得了！,0,0,罗伯特聪明版,f
2025-03-22 20:25:40+08:00,有没有我可以4的,5,1,辽宁,f
2025-03-22 20:18:29+08:00,试试,2,0,广东,f
2025-03-22 20:27:25+08:00,我要🈷️尼,2,1,吉林,f
2025-03-22 20:25:32+08:00,宝宝,1,0,河南,m
2025-03-22 20:21:11+08:00,我以为我被日了,1,0,陕西,f
2025-03-22 20:20:19+08:00,我以为我被日了,1,0,安徽,f
2025-03-22 20:19:02+08:00,带我约,1,0,山东,f
2025-03-22 20:18:25+08:00,谢谢,1,0,江苏,f
2025-03-22 20:22:59+08:00,我44,1,0,重庆,f
2025-03-22 20:55:48+08:00,怎么不带我兜风,0,0,辽宁,f
2025-03-22 20:44:48+08:00,圣代的诱惑谁能抵挡，不吃后悔系列，我猜你的味蕾现在正在跳舞,0,0,罗伯特贱萌版,f
2025-03-22 20:44:47+08:00,看来蜜雪要拿“最佳陪伴奖”来回报你的厚爱了，毕竟不是谁都愿意一天喝四杯的！,0,0,罗伯特贱萌版,f
2025-03-22 20:58:11+08:00,今天门口的蜜雪排队,0,0,山东,m
2025-03-21 20:23:18+08:00,山姆的过期牛奶怎么这群逼都禁声了,19,802,重庆,m
2025-03-21 20:29:33+08:00,我以前从没喝过蜜雪冰城，特意买了两杯。,17,260,湖南,m
2025-03-21 20:08:28+08:00,确实啊，查来查去就查到隔夜柠檬。。,3,210,广东,m
2025-03-21 20:09:37+08:00,媒体：众人皆夸我独骂，举世皆浊我清高,4,139,河南,m
2025-03-21 21:39:40+08:00,我看着冰箱里那半个放了一周的柠檬，还有前天剩的红烧肉，口水鸡陷入沉思！,6,125,广东,m
2025-03-21 22:21:07+08:00,气的我一个糖尿病患者都买了杯柠檬水感觉欺负到自己头上了,4,61,吉林,m
2025-03-21 20:31:24+08:00,这么便宜的价格还用真的水果，我觉得很良心了……,1,71,江苏,f
2025-03-21 21:10:03+08:00,支持 我以前还以为蜜雪冰城是科技才这么便宜,0,39,山东,m
2025-03-21 20:47:39+08:00,昨天消费的柠檬水，3.32元。,1,24,北京,m
2025-03-21 21:53:39+08:00,感谢TV，我有知道了一家良心企业,0,30,江西,m
2025-03-22 20:21:26+08:00,党建，中！河南，中！双双都中了。,1,45,上海,f
2025-03-22 20:23:04+08:00,媒体：完了，抽错卡了，抽了张SSR,1,14,江苏,m
2025-03-22 20:22:45+08:00,全通了,0,7,四川,f
2025-03-22 20:21:09+08:00,这个药好不好，我吃了四年，我能不知道吗,1,10,湖北,m
2025-03-22 20:25:23+08:00,很好，更爱蜜雪了,0,2,湖北,m
2025-03-22 20:33:58+08:00,原来如此啊//@沈逸:很明显，那些疯狂撕咬的，就是冲着这个去的呗，要不然就🍋隔夜，至于么,0,1,宁夏,f
2025-03-22 20:41:20+08:00,做蛋炒饭的米饭，不隔夜我还不吃呢,1,0,广东,f
2025-03-22 20:27:25+08:00,怪不得。,0,0,湖南,f
2025-03-22 21:00:25+08:00,我做柠檬水，一只柠檬用不掉，就是包上保鲜膜放冰箱的，完了，我要打倒我自己了,0,0,安徽,f
2025-03-22 20:58:49+08:00,以前没喝过，今天买了两杯，以后还会去消费,0,0,辽宁,f
2025-03-22 20:46:40+08:00,我看看我这有没有有我就试试,2,0,上海,f
2025-03-22 20:46:40+08:00,我看看我这有没有有我就试试,2,0,上海,f
2025-03-22 10:42:07+08:00,看看怎么回事,1,2,上海,f
2025-03-22 10:38:53+08:00,这是怎么回事,1,2,上海,f
2025-03-22 10:36:11+08:00,,0,1,安徽,f
2025-03-22 10:36:08+08:00,好玩,0,1,安徽,f
2025-03-22 10:36:01+08:00,可爱,0,1,安徽,f
2025-03-22 12:15:07+08:00,不会吧！,0,0,北京,f
2025-03-22 11:01:37+08:00,什么情况,0,0,四川,f
2025-03-22 10:47:41+08:00,咋回事啊,0,0,广西,m
2025-03-22 11:08:53+08:00,上午好！,0,0,贵州,f
2025-03-22 10:46:19+08:00,感谢分享,0,0,江苏,f
2025-03-22 14:48:51+08:00,我觉得那个香芋香精味太重了（虽然这个价格也不能要求什么。,3,7,北京,f
2025-03-22 14:47:23+08:00,我们这儿怎么没有,3,0,河南,f
2025-03-22 14:45:58+08:00,糯米是真的加进去了还是口感形容,1,0,福建,f
2025-03-22 14:45:14+08:00,？？？？出了我不知道的新口味啊啊啊啊,0,1,湖南,f
2025-03-22 14:52:19+08:00,同意！但是每次买他们都没有脆皮和糯米滋,2,0,安徽,f
2025-03-22 20:28:05+08:00,好怀念麦当劳的奶昔,0,0,山东,f
2025-03-22 17:50:54+08:00,对的对的！上回去买只吃到了布丁的好可惜,0,0,四川,f
2025-03-22 15:13:16+08:00,我们这没有看着好好吃啊…,0,0,海南,f
2025-03-22 20:46:10+08:00,好吃,0,0,湖北,m
2025-03-22 19:29:56+08:00,离我最近的那家只有布丁版,0,0,湖北,f
2025-03-22 20:52:17+08:00,虽然甜度飙升，但小雪的分量感我get到了，一贯的style嘛~,0,0,北京,m
2025-03-22 07:21:42+08:00,为什么高德搜了一下，给我显示疑似关闭………我要去看！我要去参观！,0,6,河南,f
2025-03-22 07:38:51+08:00,查理的巧克力工厂即视化,0,6,山东,f
2025-03-22 16:46:13+08:00,卧槽，想去玩！,0,0,北京,f
2025-03-22 14:31:13+08:00,卧槽这个要是能去搞个联合主题党日还是有意思的,0,1,重庆,m
2025-03-22 07:17:46+08:00,好有趣,0,1,陕西,f
2025-03-22 17:28:50+08:00,想去,0,0,江西,f
2025-03-22 16:43:46+08:00,老家河南,0,0,河南,f
2025-03-22 07:48:45+08:00,这倒是的,0,0,上海,f
2025-03-22 07:41:45+08:00,哇蜜雪冰城大电影可以提上日程了吧,0,1,安徽,f
2025-03-22 16:35:48+08:00,居然在焦作。,0,0,河南,m
2025-03-22 19:15:31+08:00,哈哈哈哈哈哈哈哈哈 解气,0,1,河南,m
2025-03-22 19:08:01+08:00,建议看2D IMAX,1,0,北京,m
2025-03-22 20:54:38+08:00,回来的正是时候，现在哪吒imax的位置随便选，我去前两次位置都不是很理想。。准备3刷,0,0,上海,m
2025-03-22 18:44:14+08:00,哈哈哈哈回来了,0,0,广东,f
2025-03-22 20:07:30+08:00,哈哈哈第二条,0,0,重庆,f
2025-03-22 19:29:17+08:00,转发微博,0,0,北京,m
2025-03-22 19:58:28+08:00,哈哈哈哈哈哈,0,0,北京,f
2025-03-22 20:30:33+08:00,哈哈这个办法可以,0,1,河南,f
2025-03-22 20:29:25+08:00,太惨了,1,1,浙江,f
2025-03-22 20:22:24+08:00,这经历有点惨，不过可能店里有规定，以后工作可得注意点。,0,1,江苏,m
2025-03-22 20:31:01+08:00,你爱我我爱你蜜雪冰城甜蜜蜜,0,0,上海,m
2025-03-22 20:30:13+08:00,哇，这是蜜雪冰城粉丝团团长上线了嘛？三个不同口味，这是要召唤神龙吗？🍦🎉,0,0,北京,f
2025-03-22 20:30:18+08:00,@蜜雪冰城 店长是用来干什么的 还跟我说是新员工的问题 不想多说了,0,0,浙江,f
2025-03-22 20:51:43+08:00,下次来杯开心果，心情或许真就果绿了，生活嘛，加点料更有味~,0,0,北京,m
2025-03-22 17:17:43+08:00,吃点华莱士拉出来,1,8,贵州,f
2025-03-22 17:26:44+08:00,赶紧吃几个无骨鸡爪掏一掏,1,6,山东,f
2025-03-22 17:17:43+08:00,吃点华莱士打掉,1,2,北京,f
2025-03-22 18:58:24+08:00,严重误食（超级好吃）,0,3,云南,f
2025-03-22 17:25:47+08:00,哈哈哈哈哈一开始没明白什么意思，看评论区看明白了大家太逗了,0,1,天津,f
2025-03-22 17:18:02+08:00,再配点麦当劳调理下吧,0,0,广东,f
2025-03-22 17:19:50+08:00,喝杯奶茶压一压,0,0,江西,f
2025-03-22 17:17:44+08:00,吃个炸鸡压压惊,0,0,辽宁,f
2025-03-22 20:30:18+08:00,@蜜雪冰城 店长是用来干什么的 还跟我说是新员工的问题 不想多说了,0,0,浙江,f
2025-03-22 20:51:43+08:00,下次来杯开心果，心情或许真就果绿了，生活嘛，加点料更有味~,0,0,北京,m
2025-03-22 17:17:43+08:00,吃点华莱士拉出来,1,8,贵州,f
2025-03-22 17:26:44+08:00,赶紧吃几个无骨鸡爪掏一掏,1,6,山东,f
2025-03-22 17:17:43+08:00,吃点华莱士打掉,1,2,北京,f
2025-03-22 18:58:24+08:00,严重误食（超级好吃）,0,3,云南,f
2025-03-22 17:25:47+08:00,哈哈哈哈哈一开始没明白什么意思，看评论区看明白了大家太逗了,0,1,天津,f
2025-03-22 17:18:02+08:00,再配点麦当劳调理下吧,0,0,广东,f
2025-03-22 17:19:50+08:00,喝杯奶茶压一压,0,0,江西,f
2025-03-22 17:17:44+08:00,吃个炸鸡压压惊,0,0,辽宁,f
2025-03-22 20:28:37+08:00,这应该上315,0,0,河南,m
2025-03-22 20:36:44+08:00,那必须,0,0,广东,m
2025-03-22 11:13:12+08:00,这个主题好好看  在哪里拍的呀,1,0,浙江,f
2025-03-22 13:58:12+08:00,公主好美,1,1,韩国,f
2025-03-22 20:45:33+08:00,好棒,0,0,北京,m
2025-03-22 12:18:04+08:00,我滴个乖乖，真棒,0,0,河南,m
2025-03-22 11:52:22+08:00,好漂亮,0,0,贵州,m
2025-03-22 11:31:39+08:00,好美[小繁花][小繁花][小繁花][小繁花][小繁花][小繁花],0,0,上海,m
2025-03-22 18:00:03+08:00,叮~！您使用 “蜜雪冰城” 发布的微博，已被超话君收录到您的专属超话 蜜雪冰城 中了凹~想知道粉丝们都在超话里聊些什么嘛~快来宠粉翻牌吧！直达现场&gt;&gt;  蜜雪冰城,0,0,,m
2025-03-22 18:29:50+08:00,到了桃子🍑的季节了吗？,0,1,河南,f
2025-03-22 18:01:01+08:00,第一,0,1,北京,f
2025-03-22 20:31:22+08:00,可爱嘻嘻！,0,0,新疆,f
2025-03-22 18:42:51+08:00,是有新品了嘛，雪王。又努力工作了一天,0,0,天津,f
2025-03-22 18:10:15+08:00,雪，看我名字,0,0,陕西,m
2025-03-22 18:02:31+08:00,我哭亖，雪王是真用水果啊,0,0,湖南,f
2025-03-22 20:52:20+08:00,雪王打工哈哈哈哈哈,0,0,河南,f
2025-03-22 20:49:25+08:00,再说一次！香芋大圣代！！,0,0,四川,f
2025-03-22 20:47:25+08:00,这吨位一车少拉半车🍑,0,0,湖北,f
2025-03-22 20:19:06+08:00,绿豆的略甜,0,0,山东,f
2025-03-22 20:18:58+08:00,葡萄雪芭好吃,0,0,山东,f
2025-03-22 20:42:07+08:00,超级可爱的柚子宝宝,0,0,四川,f
2025-03-22 20:05:30+08:00,柚子,0,0,河南,f
2025-03-22 20:00:16+08:00,好吃吗胖儿,0,0,河北,f
2025-03-22 19:30:11+08:00,柚子旁边的小朋友怎么这么像外婆呀？,0,0,北京,f
2025-03-22 19:03:34+08:00,妈呀 好乖 姨姨想rua 一下,0,0,四川,f
2025-03-22 18:49:57+08:00,这个脆皮圣代是真的好吃,0,0,江苏,f
2025-03-22 18:43:38+08:00,柚子越来越可爱了,0,0,重庆,f
2025-03-22 18:31:26+08:00,,0,0,甘肃,f
2025-03-22 18:30:19+08:00,🍋:我通宵怎么了,0,0,广西,f
2025-03-22 18:29:29+08:00,偶遇可爱宝,0,0,浙江,f
2025-03-22 20:20:50+08:00,这样说不公平，315又不是只揭露这一家企业，连三大运营商都挑了，全国哪家媒体干过？,2,0,广东,m
2025-03-22 20:41:32+08:00,大家没想到它真的有柠檬啊！,0,0,江苏,m
2025-03-22 20:15:51+08:00,我去！好运千千！,1,0,北京,m
2025-03-22 20:23:39+08:00,蜜雪的桃喜芒芒我还真觉得蛮好喝的 而且只要6r,0,0,浙江,f
2025-03-22 20:37:10+08:00,支持,0,0,云南,m
2025-03-22 20:15:58+08:00,隔夜柠檬，蜜雪冰城，一杯透心凉！,0,0,罗伯特聪明版,f
2025-03-22 20:12:59+08:00,啊啊看着好好吃，我们这里没有葡萄味雪糕,1,0,江西,m
2025-03-22 20:12:52+08:00,建议全国推广好想吃,1,0,福建,f
2025-03-22 20:15:29+08:00,我也想吃我这边没有,1,0,湖南,f
2025-03-22 20:13:20+08:00,我们这只有芋泥口味的 感觉好好吃,1,0,江苏,f
2025-03-22 13:40:32+08:00,互铁粉的来。晚上统一回。,0,0,江苏,m
2025-03-22 20:44:43+08:00,蜜雪冰城还行,0,1,山东,m
2025-03-22 19:07:17+08:00,蜜雪冰城通过一系列成功的营销手段，塑造了极具亲和力的品牌形象。,0,1,福建,m
2025-03-22 20:57:44+08:00,晚上好呀,0,0,广东,f
2025-03-22 20:57:43+08:00,感谢分享,0,0,上海,f
2025-03-22 20:50:53+08:00,翟老师有没有喝,0,0,广西,f
2025-03-22 20:49:09+08:00,周末愉快,0,0,山东,f
2025-03-22 20:46:09+08:00,ccc呀,0,0,江西,f
2025-03-22 20:44:36+08:00,晚安安好梦,0,0,辽宁,f
2025-03-22 20:43:03+08:00,感谢分享,0,0,山东,f
2025-03-22 20:10:10+08:00,冰淇淋没翻车，黑暗料理绝绝子！,2,0,北京,m
2025-03-22 20:46:42+08:00,啊～,0,0,江苏,f
2025-03-22 20:22:59+08:00,果然还是wb吃得好，有照片,1,0,广东,m
2025-03-22 20:55:28+08:00,嘿嘿今天我也去玄武湖了！,0,0,江苏,f
2025-03-22 20:17:58+08:00,这个好吃不宝宝[熊貓]我也想吃我也想吃,2,0,北京,f
2025-03-22 21:02:27+08:00,陪一个,1,0,广东,f
2025-03-22 20:26:27+08:00,这个真的好好吃,1,0,辽宁,m
2025-03-22 20:12:58+08:00,好吃,1,0,浙江,m
2025-03-22 20:08:41+08:00,这也太小了是不是被坑了,1,0,陕西,f
2025-03-19 19:56:26+08:00,而且蜜雪冰城还自带文化IP……后续能衍生出一系列的新产品…,6,337,北京,f
2025-03-20 12:32:40+08:00,我不懂金融，但这个表，看的我还蛮感动…原料包材100%自给自足…意味着，他得包多少亩的柠檬树，包多少亩的茶田…这不就是扎扎实实提供了就业机会？就是加盟商回本慢点…但慢慢来…雪王，厉害了,2,284,广东,f
2025-03-19 20:57:33+08:00,如果报表没问题的话，相当厉害了,3,57,安徽,f
2025-03-20 13:01:52+08:00,有科代表总结一下吗,3,3,广东,f
2025-03-21 18:53:16+08:00,居然门店第一？超过麦麦？,5,1,广东,f
2025-03-20 12:55:22+08:00,我的天啊，太会赚了，怎么这么聪明啊,0,12,云南,f
2025-03-21 19:34:42+08:00,真的太厉害了雪王//@巫婆的葱:我不懂金融，但这个表，看的我还蛮感动…原料包材100%自给自足…意味着，他得包多少亩的柠檬树，包多少亩的茶田…这不就是扎扎实实提供了就业机会？就是加盟商回本慢点…但慢慢来…雪王，厉害了,0,0,黑龙江,f
2025-03-20 12:35:46+08:00,为雪王打call,0,3,北京,f
2025-03-20 15:55:26+08:00,现在适合加盟开一家雪王吗,1,0,四川,m
2025-03-21 11:52:42+08:00,蜜雪旗下还有极拉图，也好吃,0,1,河南,f
2025-03-22 14:59:22+08:00,乖巧懂事的崽崽谁不爱呢，给他打call！蜜雪冰城，甜蜜蜜~,3,3,吃瓜罗伯特,f
2025-03-22 15:11:25+08:00,是啊,2,2,中国台湾,f
2025-03-22 15:11:29+08:00,我也想说中间好远,1,4,山东,f
2025-03-22 15:15:10+08:00,看完以后就知道谁是老婆谁是兄弟了,1,5,福建,f
2025-03-22 15:19:21+08:00,拍视频很有分寸感 氛围感一点不一样,0,5,天津,f
2025-03-22 18:28:39+08:00,这个分寸感值得点赞，看得我瞬间心情舒畅,0,0,湖北,m
2025-03-22 15:42:27+08:00,有分寸感是指特意在微博发my type 给妈妈看吗？妈妈知道了。,0,0,浙江,f
2025-03-18 12:09:42+08:00,不如我们来交流一下大学食堂的卫生呢,51,3327,广东,f
2025-03-18 07:47:50+08:00,我要举报我公婆，在冰箱里放了三年的羊肉才勉强舍得拿出来吃。,50,2085,北京,m
2025-03-19 11:27:57+08:00,信雪王，得永生,3,264,浙江,m
2025-03-18 12:01:11+08:00,宗教食品去卧底试试？,22,668,北京,m
2025-03-18 03:57:10+08:00,怎么说呢。你应该查查我妈。年三十的菜热到初六亲戚来串门才做新菜。,56,662,广东,m
2025-03-18 15:35:00+08:00,你最后一张图是什么意思,18,40,安徽,m
2025-03-17 23:12:22+08:00,大冬天的柠檬切开放一晚上其实真的没什么，柠檬酸也是工业中常用的防腐剂之一,149,666,江苏,m
2025-03-18 07:39:21+08:00,比蜜雪冰城问题严重了的食品安全问题多了去了，你搞这个糊弄谁呢,43,920,江苏,m
2025-03-18 01:32:12+08:00,与其喝十几块一杯的工业勾兑柠檬水还不如继续喝蜜雪的隔夜柠檬片,11,698,广东,m
2025-03-17 23:41:14+08:00,喝啊，人家雪王至少是货真价实的真柠檬🍋，不像有的翻新卫生巾,0,365,西藏,f
2025-03-21 23:12:13+08:00,柠檬水是蜜雪冰城唯一好喝的了，其他都很难喝,116,247,广东,m
2025-03-21 23:17:12+08:00,那个拿剑的雪王有点像……,2,385,广东,m
2025-03-21 23:15:13+08:00,报废柠檬再告你个浪费食物,4,255,吉林,m
2025-03-21 23:12:24+08:00,雪王摆平自己，其他摆平媒体,0,167,江苏,m
2025-03-21 23:31:37+08:00,这下每天浪费的就要超过94.5吨了,3,94,福建,f
2025-03-22 07:11:50+08:00,因为媒体公器私用想讹诈钱，每年几百吨柠檬就被浪费了。等等，食物浪费是比PUA逼人自杀还严重的罪行，这不是央视最近强调的吗？你们媒体TM的能不能要点脸?,1,64,北京,m
2025-03-22 08:05:36+08:00,我还是在继续喝三分糖的冰柠檬水，我喜欢喝这个口感,4,11,北京,m
2025-03-22 03:34:38+08:00,“我不认为这是高尚的”,0,11,河南,m
2025-03-22 08:08:30+08:00,信不信明年315媒体会抨击蜜雪每年浪费94.6吨的柠檬，明明柠檬没坏却要被扔掉,0,19,河南,f
2025-03-22 02:43:32+08:00,那当天闭店前可以去要用剩下的吗？,1,4,北京,m
2025-03-18 17:25:02+08:00,@跟着小狗就对了 没有熬夜的柠檬只有熬夜的打工人,9,278,福建,f
2025-03-18 17:18:20+08:00,哈哈哈哈，笑死，熬夜的柠檬🍋,0,70,四川,f
2025-03-18 16:36:26+08:00,熬夜柠檬,0,21,北京,f
2025-03-18 18:47:30+08:00,熬夜柠檬杯,0,13,吉林,f
2025-03-18 18:49:34+08:00,柠檬就不需要休息了嘛,0,16,江苏,f
2025-03-18 23:12:28+08:00,熬夜柠檬，哈哈哈,0,2,安徽,f
2025-03-19 00:34:24+08:00,可怜的打工人,0,4,浙江,f
2025-03-19 07:10:30+08:00,最终打工人承担了所有,0,0,四川,f
2025-03-18 22:06:07+08:00,,0,0,山东,f
2025-03-18 18:10:21+08:00,,0,0,湖南,f
2025-03-22 14:48:51+08:00,我觉得那个香芋香精味太重了（虽然这个价格也不能要求什么。,3,7,北京,f
2025-03-22 14:47:23+08:00,我们这儿怎么没有,3,0,河南,f
2025-03-22 14:45:58+08:00,糯米是真的加进去了还是口感形容,1,0,福建,f
2025-03-22 14:45:14+08:00,？？？？出了我不知道的新口味啊啊啊啊,0,1,湖南,f
2025-03-22 14:52:19+08:00,同意！但是每次买他们都没有脆皮和糯米滋,2,0,安徽,f
2025-03-22 20:28:05+08:00,好怀念麦当劳的奶昔,0,0,山东,f
2025-03-22 17:50:54+08:00,对的对的！上回去买只吃到了布丁的好可惜,0,0,四川,f
2025-03-22 15:13:16+08:00,我们这没有看着好好吃啊…,0,0,海南,f
2025-03-22 20:46:10+08:00,好吃,0,0,湖北,m
2025-03-22 19:29:56+08:00,离我最近的那家只有布丁版,0,0,湖北,f
2025-03-22 18:00:03+08:00,叮~！您使用 “蜜雪冰城” 发布的微博，已被超话君收录到您的专属超话 蜜雪冰城 中了凹~想知道粉丝们都在超话里聊些什么嘛~快来宠粉翻牌吧！直达现场&gt;&gt;  蜜雪冰城,0,0,,m
2025-03-22 18:29:50+08:00,到了桃子🍑的季节了吗？,0,1,河南,f
2025-03-22 18:01:01+08:00,第一,0,1,北京,f
2025-03-22 20:31:22+08:00,可爱嘻嘻！,0,0,新疆,f
2025-03-22 18:42:51+08:00,是有新品了嘛，雪王。又努力工作了一天,0,0,天津,f
2025-03-22 18:10:15+08:00,雪，看我名字,0,0,陕西,m
2025-03-22 18:02:31+08:00,我哭亖，雪王是真用水果啊,0,0,湖南,f
2025-03-22 20:52:20+08:00,雪王打工哈哈哈哈哈,0,0,河南,f
2025-03-22 20:49:25+08:00,再说一次！香芋大圣代！！,0,0,四川,f
2025-03-22 20:47:25+08:00,这吨位一车少拉半车🍑,0,0,湖北,f
2025-03-22 10:42:07+08:00,看看怎么回事,1,2,上海,f
2025-03-22 10:38:53+08:00,这是怎么回事,1,2,上海,f
2025-03-22 10:36:11+08:00,,0,1,安徽,f
2025-03-22 10:36:08+08:00,好玩,0,1,安徽,f
2025-03-22 10:36:01+08:00,可爱,0,1,安徽,f
2025-03-22 12:15:07+08:00,不会吧！,0,0,北京,f
2025-03-22 11:01:37+08:00,什么情况,0,0,四川,f
2025-03-22 10:47:41+08:00,咋回事啊,0,0,广西,m
2025-03-22 11:08:53+08:00,上午好！,0,0,贵州,f
2025-03-22 10:46:19+08:00,感谢分享,0,0,江苏,f
2025-03-22 13:40:32+08:00,互铁粉的来。晚上统一回。,0,0,江苏,m
2025-03-22 20:44:43+08:00,蜜雪冰城还行,0,1,山东,m
2025-03-22 19:07:17+08:00,蜜雪冰城通过一系列成功的营销手段，塑造了极具亲和力的品牌形象。,0,1,福建,m
2025-03-22 21:07:53+08:00,谢谢博主的分享,0,0,山东,f
2025-03-22 21:06:02+08:00,每天都要开心呀宝宝🍬,0,0,河南,f
2025-03-22 21:04:38+08:00,谢谢分享,0,0,江西,f
2025-03-22 20:57:44+08:00,晚上好呀,0,0,广东,f
2025-03-22 20:57:43+08:00,感谢分享,0,0,上海,f
2025-03-22 20:50:53+08:00,翟老师有没有喝,0,0,广西,f
2025-03-22 20:49:09+08:00,周末愉快,0,0,山东,f
2025-03-22 12:00:27+08:00,想吃,1,7,辽宁,f
2025-03-22 12:01:40+08:00,@春春怎么啦,1,1,陕西,f
2025-03-22 12:46:46+08:00,@萝漫诗- @-shocking_ @勾勾贝儿_7a @sslleeeeppppppp @遇绪语 @小王子星球9号 @小貓純性- 我要吃,9,1,四川,f
2025-03-22 12:00:59+08:00,想吃,0,2,上海,f
2025-03-22 13:36:13+08:00,呵呵,0,1,广东,f
2025-03-22 12:51:55+08:00,想吃,0,1,河南,m
2025-03-22 12:43:55+08:00,好好吃,0,1,福建,m
2025-03-22 12:41:45+08:00,我大吃一口,0,1,湖南,f
2025-03-22 12:40:55+08:00,@7Shark_Theo 老公人家想吃这个,1,2,山西,f
2025-03-22 12:04:31+08:00,馋死我,0,1,上海,m
2025-03-22 07:21:37+08:00,不够自由化是吧,2,211,北京,m
2025-03-22 10:37:27+08:00,原来是这样啊,0,103,北京,f
2025-03-22 10:29:11+08:00,越想黑蜜雪蜜雪更加红！！,0,93,广东,m
2025-03-22 12:34:58+08:00,哎～你别说～你还真别说。。。,0,51,广东,f
2025-03-22 15:07:08+08:00,真相大白,0,30,广西,m
2025-03-22 09:30:54+08:00,拍马屁而已,6,1,浙江,m
2025-03-22 18:12:21+08:00,很有可能这就是那五学当记者时候就有的敲诈手段,0,9,北京,f
2025-03-22 14:28:16+08:00,yysy搞思想工作还是有一套的,0,5,上海,f
2025-03-22 09:33:49+08:00,河南媒体不值得，建议搬来湖南,3,6,湖南,f
2025-03-22 14:36:15+08:00,居然很有说服力～,0,12,上海,f
2025-03-22 20:42:07+08:00,超级可爱的柚子宝宝,0,0,四川,f
2025-03-22 20:05:30+08:00,柚子,0,0,河南,f
2025-03-22 20:00:16+08:00,好吃吗胖儿,0,0,河北,f
2025-03-22 19:30:11+08:00,柚子旁边的小朋友怎么这么像外婆呀？,0,0,北京,f
2025-03-22 19:03:34+08:00,妈呀 好乖 姨姨想rua 一下,0,0,四川,f
2025-03-22 18:49:57+08:00,这个脆皮圣代是真的好吃,0,0,江苏,f
2025-03-22 18:43:38+08:00,柚子越来越可爱了,0,0,重庆,f
2025-03-22 18:31:26+08:00,,0,0,甘肃,f
2025-03-22 18:30:19+08:00,🍋:我通宵怎么了,0,0,广西,f
2025-03-22 18:29:29+08:00,偶遇可爱宝,0,0,浙江,f
2025-03-22 20:28:03+08:00,只有我认真回答问题，因为蜜雪的柠檬茶太难喝别说四块倒贴四块也不想喝，喝奶茶是放松不是受罪,5,0,上海,f
2025-03-21 23:51:15+08:00,因为上海人没品位,7,0,上海,m
2025-03-21 23:51:26+08:00,一个全是苏北人的城市就这样,0,0,上海,m
2025-03-22 19:34:59+08:00,难道不是因为租金贵，利润低不能覆盖租金吗。,0,2,北京,m
2025-03-22 19:57:49+08:00,因为上海不搞性价比，假清高和臭无知比较多，只能喝五十左右的星巴克，,2,0,广东,m
2025-03-22 18:30:07+08:00,广州很多蜜雪冰城啊,1,0,广东,m
2025-03-22 18:22:12+08:00,上海遍地都是。,0,3,上海,m
2025-03-22 17:07:51+08:00,图片评论,0,0,湖北,m
2025-03-22 19:54:37+08:00,寸土寸金的静安寺边上都有。怎么做不起来了？,0,2,上海,f
2025-03-22 20:58:56+08:00,啊？上海开不动？蜜雪冰城？nmd不是遍地都是蜜雪冰城吗？,0,0,上海,m
2025-03-22 20:35:07+08:00,真的太像雪王了，尤其脸蛋圆圆的，可可爱爱的,0,21,浙江,f
2025-03-22 20:35:33+08:00,雪王那个弹幕好好笑,0,6,重庆,f
2025-03-22 20:36:53+08:00,哈哈哈真的,0,0,陕西,f
2025-03-22 20:47:02+08:00,今晚的母女情看哭了,0,0,四川,m
2025-03-22 20:39:19+08:00,真的,0,0,湖北,f
2025-03-22 20:21:26+08:00,党建，中！河南，中！双双都中了。,1,48,上海,f
2025-03-22 20:23:04+08:00,媒体：完了，抽错卡了，抽了张SSR,1,15,江苏,m
2025-03-22 20:22:45+08:00,全通了,0,7,四川,f
2025-03-22 20:21:09+08:00,这个药好不好，我吃了四年，我能不知道吗,1,10,湖北,m
2025-03-22 20:41:20+08:00,做蛋炒饭的米饭，不隔夜我还不吃呢,3,1,广东,f
2025-03-22 20:25:23+08:00,很好，更爱蜜雪了,0,2,湖北,m
2025-03-22 20:33:58+08:00,原来如此啊//@沈逸:很明显，那些疯狂撕咬的，就是冲着这个去的呗，要不然就🍋隔夜，至于么,0,1,宁夏,f
2025-03-22 20:27:25+08:00,怪不得。,0,0,湖南,f
2025-03-22 21:06:26+08:00,🍋茶原料会放冰箱明天再泡一两杯不是我一个人这么玩阿,0,0,广西,m
2025-03-22 21:00:25+08:00,我做柠檬水，一只柠檬用不掉，就是包上保鲜膜放冰箱的，完了，我要打倒我自己了,0,0,安徽,f
2025-03-22 15:36:05+08:00,好的谢谢宝宝 我最爱蜜雪冰城了,2,0,江西,f
2025-03-22 17:57:58+08:00,,1,0,山东,f
2025-03-22 15:32:00+08:00,没听说过 很高端嘛,1,0,河北,f
2025-03-22 15:21:00+08:00,好 我喝,1,0,广东,m
2025-03-22 15:06:43+08:00,已喝到,1,0,广东,m
2025-03-22 17:34:48+08:00,我这辈子就等着喝了,1,0,广东,f
2025-03-22 18:15:26+08:00,立马买了一个香芋脆皮奶布丁圣代真好吃,0,0,黑龙江,f
2025-03-22 19:45:42+08:00,再加两杯~明天下午开奖！,0,1,上海,m
2025-03-22 07:27:16+08:00,蛮好,1,0,上海,m
2025-03-22 05:07:41+08:00,失业好几年了,0,0,辽宁,m
2025-03-22 02:20:31+08:00,正在休息，前两年工作量太大，给自己放个小假,2,0,辽宁,m
2025-03-21 23:45:01+08:00,不行,1,0,河南,f
2025-03-21 23:17:44+08:00,说实话很累 就是每个月发工资给我打一剂强心 然后继续累,1,0,福建,m
2025-03-22 11:31:53+08:00,希望和绝望并存,1,0,江苏,m
2025-03-22 09:57:41+08:00,早安,1,0,中国台湾,f
2025-03-22 02:20:21+08:00,我要,1,0,福建,f
2025-03-21 23:54:17+08:00,活少钱少，大家都好,1,0,广东,m
2025-03-22 20:56:52+08:00,我们这有啊？甚至还有双炫。,1,0,安徽,f
2025-03-22 21:07:11+08:00,,0,0,江西,f
2025-03-22 21:03:11+08:00,,0,0,湖南,f
2025-03-22 20:57:48+08:00,支持雪雪,0,0,河南,f
2025-03-22 21:09:36+08:00,高端的瑞幸，亲民的蜜雪，绝配组合！,0,0,北京,f
2025-03-22 20:54:01+08:00,今天我这有满15抽奖，抽到一个杯子,2,1,上海,f
2025-03-22 21:04:46+08:00,有我,0,0,福建,m
2025-03-22 20:55:56+08:00,嗨幕，为什么我没中！哦我没抽啊,0,0,云南,f
2025-03-22 20:54:01+08:00,今天我这有满15抽奖，抽到一个杯子,2,1,上海,f
2025-03-22 21:04:46+08:00,有我,0,0,福建,m
2025-03-22 20:55:56+08:00,嗨幕，为什么我没中！哦我没抽啊,0,0,云南,f
2025-03-22 21:09:54+08:00,刚进城 喝的是星九克吗 好高级,0,0,湖北,f
2025-03-22 20:50:58+08:00,,1,0,山东,m
2025-03-22 20:42:48+08:00,我🙋🏻♂️,0,1,山东,m
2025-03-22 21:07:07+08:00,我来,0,0,广西,m
2025-03-22 20:51:44+08:00,,0,0,山东,m
2025-03-22 20:41:16+08:00,,0,0,山东,f
2025-03-22 20:35:43+08:00,,0,0,湖北,m
2025-03-22 21:09:45+08:00,这也➕…,0,0,江苏,f
2025-03-22 21:04:08+08:00,整一杯,0,0,湖北,m
2025-03-22 21:01:02+08:00,为啥夹？,0,0,上海,m
2025-03-22 20:58:25+08:00,好嘛,0,0,广东,m
2025-03-22 07:21:37+08:00,不够自由化是吧,2,212,北京,m
2025-03-22 10:37:27+08:00,原来是这样啊,0,103,北京,f
2025-03-22 10:29:11+08:00,越想黑蜜雪蜜雪更加红！！,0,93,广东,m
2025-03-22 12:34:58+08:00,哎～你别说～你还真别说。。。,0,51,广东,f
2025-03-22 15:07:08+08:00,真相大白,0,30,广西,m
2025-03-22 09:30:54+08:00,拍马屁而已,6,1,浙江,m
2025-03-22 18:12:21+08:00,很有可能这就是那五学当记者时候就有的敲诈手段,0,9,北京,f
2025-03-22 14:28:16+08:00,yysy搞思想工作还是有一套的,0,5,上海,f
2025-03-22 09:33:49+08:00,河南媒体不值得，建议搬来湖南,3,6,湖南,f
2025-03-22 14:36:15+08:00,居然很有说服力～,0,12,上海,f
2025-03-22 20:46:04+08:00,蜜雪冰城的杯子太可爱，跳单也值得了！,0,0,罗伯特聪明版,f
2025-03-22 20:25:40+08:00,有没有我可以4的,5,1,辽宁,f
2025-03-22 20:18:29+08:00,试试,2,0,广东,f
2025-03-22 20:27:25+08:00,我要🈷️尼,2,1,吉林,f
2025-03-22 20:25:32+08:00,宝宝,1,0,河南,m
2025-03-22 20:21:11+08:00,我以为我被日了,1,0,陕西,f
2025-03-22 20:20:19+08:00,我以为我被日了,1,0,安徽,f
2025-03-22 20:19:02+08:00,带我约,1,0,山东,f
2025-03-22 20:18:25+08:00,谢谢,1,0,江苏,f
2025-03-22 20:22:59+08:00,我44,1,0,重庆,f
2025-03-22 20:55:48+08:00,怎么不带我兜风,0,0,辽宁,f
2025-03-22 20:44:48+08:00,圣代的诱惑谁能抵挡，不吃后悔系列，我猜你的味蕾现在正在跳舞,0,0,罗伯特贱萌版,f
2025-03-22 20:44:47+08:00,看来蜜雪要拿“最佳陪伴奖”来回报你的厚爱了，毕竟不是谁都愿意一天喝四杯的！,0,0,罗伯特贱萌版,f
2025-03-22 21:09:51+08:00,动动,0,0,河南,f
2025-03-22 20:45:51+08:00,哈哈哈哈，不知道为啥喝完瑞幸就肚子疼,0,0,辽宁,f
2025-03-22 20:44:48+08:00,圣代的诱惑谁能抵挡，不吃后悔系列，我猜你的味蕾现在正在跳舞,0,0,罗伯特贱萌版,f
2025-03-22 20:44:47+08:00,看来蜜雪要拿“最佳陪伴奖”来回报你的厚爱了，毕竟不是谁都愿意一天喝四杯的！,0,0,罗伯特贱萌版,f
2025-03-22 20:58:11+08:00,今天门口的蜜雪排队,0,0,山东,m
2025-03-21 20:23:18+08:00,山姆的过期牛奶怎么这群逼都禁声了,19,803,重庆,m
2025-03-21 20:29:33+08:00,我以前从没喝过蜜雪冰城，特意买了两杯。,18,260,湖南,m
2025-03-21 20:08:28+08:00,确实啊，查来查去就查到隔夜柠檬。。,3,211,广东,m
2025-03-21 20:09:37+08:00,媒体：众人皆夸我独骂，举世皆浊我清高,4,140,河南,m
2025-03-21 21:39:40+08:00,我看着冰箱里那半个放了一周的柠檬，还有前天剩的红烧肉，口水鸡陷入沉思！,6,125,广东,m
2025-03-21 22:21:07+08:00,气的我一个糖尿病患者都买了杯柠檬水感觉欺负到自己头上了,4,61,吉林,m
2025-03-21 20:31:24+08:00,这么便宜的价格还用真的水果，我觉得很良心了……,1,71,江苏,f
2025-03-21 21:10:03+08:00,支持 我以前还以为蜜雪冰城是科技才这么便宜,0,39,山东,m
2025-03-21 20:47:39+08:00,昨天消费的柠檬水，3.32元。,1,24,北京,m
2025-03-21 21:53:39+08:00,感谢TV，我有知道了一家良心企业,0,30,江西,m
2025-03-22 20:46:40+08:00,我看看我这有没有有我就试试,2,0,上海,f
2025-03-22 10:42:07+08:00,看看怎么回事,1,2,上海,f
2025-03-22 10:38:53+08:00,这是怎么回事,1,2,上海,f
2025-03-22 10:36:11+08:00,,0,1,安徽,f
2025-03-22 10:36:08+08:00,好玩,0,1,安徽,f
2025-03-22 10:36:01+08:00,可爱,0,1,安徽,f
2025-03-22 12:15:07+08:00,不会吧！,0,0,北京,f
2025-03-22 11:01:37+08:00,什么情况,0,0,四川,f
2025-03-22 10:47:41+08:00,咋回事啊,0,0,广西,m
2025-03-22 11:08:53+08:00,上午好！,0,0,贵州,f
2025-03-22 10:46:19+08:00,感谢分享,0,0,江苏,f
2025-03-22 19:15:31+08:00,哈哈哈哈哈哈哈哈哈 解气,0,1,河南,m
2025-03-22 19:08:01+08:00,建议看2D IMAX,1,0,北京,m
2025-03-22 20:54:38+08:00,回来的正是时候，现在哪吒imax的位置随便选，我去前两次位置都不是很理想。。准备3刷,0,0,上海,m
2025-03-22 18:44:14+08:00,哈哈哈哈回来了,0,0,广东,f
2025-03-22 21:06:58+08:00,,0,0,广东,f
2025-03-22 20:07:30+08:00,哈哈哈第二条,0,0,重庆,f
2025-03-22 19:29:17+08:00,转发微博,0,0,北京,m
2025-03-22 19:58:28+08:00,哈哈哈哈哈哈,0,0,北京,f
2025-03-22 20:30:33+08:00,哈哈这个办法可以,0,1,河南,f
2025-03-22 20:29:25+08:00,太惨了,1,1,浙江,f
2025-03-22 20:22:24+08:00,这经历有点惨，不过可能店里有规定，以后工作可得注意点。,0,1,江苏,m
2025-03-22 21:04:11+08:00,哈哈哈哈哈,0,0,山东,f
2025-03-22 20:31:01+08:00,你爱我我爱你蜜雪冰城甜蜜蜜,0,0,上海,m
2025-03-22 20:30:13+08:00,哇，这是蜜雪冰城粉丝团团长上线了嘛？三个不同口味，这是要召唤神龙吗？🍦🎉,0,0,北京,f
2025-03-22 20:30:18+08:00,@蜜雪冰城 店长是用来干什么的 还跟我说是新员工的问题 不想多说了,0,0,浙江,f
2025-03-22 20:51:43+08:00,下次来杯开心果，心情或许真就果绿了，生活嘛，加点料更有味~,0,0,北京,m
2025-03-22 20:28:37+08:00,这应该上315,0,0,河南,m
2025-03-22 20:36:44+08:00,那必须,1,0,广东,m
2025-03-22 11:13:12+08:00,这个主题好好看  在哪里拍的呀,1,0,浙江,f
2025-03-22 13:58:12+08:00,公主好美,1,1,韩国,f
2025-03-22 20:45:33+08:00,好棒,0,0,北京,m
2025-03-22 12:18:04+08:00,我滴个乖乖，真棒,0,0,河南,m
2025-03-22 11:52:22+08:00,好漂亮,0,0,贵州,m
2025-03-22 11:31:39+08:00,好美[小繁花][小繁花][小繁花][小繁花][小繁花][小繁花],0,0,上海,m
2025-03-22 18:00:03+08:00,叮~！您使用 “蜜雪冰城” 发布的微博，已被超话君收录到您的专属超话 蜜雪冰城 中了凹~想知道粉丝们都在超话里聊些什么嘛~快来宠粉翻牌吧！直达现场&gt;&gt;  蜜雪冰城,0,0,,m
2025-03-22 18:29:50+08:00,到了桃子🍑的季节了吗？,0,1,河南,f
2025-03-22 18:01:01+08:00,第一,0,1,北京,f
2025-03-22 20:31:22+08:00,可爱嘻嘻！,0,0,新疆,f
2025-03-22 18:42:51+08:00,是有新品了嘛，雪王。又努力工作了一天,0,0,天津,f
2025-03-22 18:10:15+08:00,雪，看我名字,0,0,陕西,m
2025-03-22 18:02:31+08:00,我哭亖，雪王是真用水果啊,0,0,湖南,f
2025-03-22 20:52:20+08:00,雪王打工哈哈哈哈哈,0,0,河南,f
2025-03-22 20:49:25+08:00,再说一次！香芋大圣代！！,0,0,四川,f
2025-03-22 20:47:25+08:00,这吨位一车少拉半车🍑,0,0,湖北,f
2025-03-22 20:19:06+08:00,绿豆的略甜,0,0,山东,f
2025-03-22 20:18:58+08:00,葡萄雪芭好吃,0,0,山东,f
2025-03-22 18:00:03+08:00,叮~！您使用 “蜜雪冰城” 发布的微博，已被超话君收录到您的专属超话 蜜雪冰城 中了凹~想知道粉丝们都在超话里聊些什么嘛~快来宠粉翻牌吧！直达现场&gt;&gt;  蜜雪冰城,0,0,,m
2025-03-22 18:29:50+08:00,到了桃子🍑的季节了吗？,0,1,河南,f
2025-03-22 18:01:01+08:00,第一,0,1,北京,f
2025-03-22 20:31:22+08:00,可爱嘻嘻！,0,0,新疆,f
2025-03-22 18:42:51+08:00,是有新品了嘛，雪王。又努力工作了一天,0,0,天津,f
2025-03-22 18:10:15+08:00,雪，看我名字,0,0,陕西,m
2025-03-22 18:02:31+08:00,我哭亖，雪王是真用水果啊,0,0,湖南,f
2025-03-22 20:52:20+08:00,雪王打工哈哈哈哈哈,0,0,河南,f
2025-03-22 20:49:25+08:00,再说一次！香芋大圣代！！,0,0,四川,f
2025-03-22 20:47:25+08:00,这吨位一车少拉半车🍑,0,0,湖北,f
2025-03-22 20:19:06+08:00,绿豆的略甜,0,0,山东,f
2025-03-22 20:18:58+08:00,葡萄雪芭好吃,0,0,山东,f
2025-03-22 18:00:03+08:00,叮~！您使用 “蜜雪冰城” 发布的微博，已被超话君收录到您的专属超话 蜜雪冰城 中了凹~想知道粉丝们都在超话里聊些什么嘛~快来宠粉翻牌吧！直达现场&gt;&gt;  蜜雪冰城,0,0,,m
2025-03-22 18:29:50+08:00,到了桃子🍑的季节了吗？,0,1,河南,f
2025-03-22 18:01:01+08:00,第一,0,1,北京,f
2025-03-22 20:31:22+08:00,可爱嘻嘻！,0,0,新疆,f
2025-03-22 18:42:51+08:00,是有新品了嘛，雪王。又努力工作了一天,0,0,天津,f
2025-03-22 18:10:15+08:00,雪，看我名字,0,0,陕西,m
2025-03-22 18:02:31+08:00,我哭亖，雪王是真用水果啊,0,0,湖南,f
2025-03-22 20:52:20+08:00,雪王打工哈哈哈哈哈,0,0,河南,f
2025-03-22 20:49:25+08:00,再说一次！香芋大圣代！！,0,0,四川,f
2025-03-22 20:47:25+08:00,这吨位一车少拉半车🍑,0,0,湖北,f
2025-03-18 17:25:02+08:00,@跟着小狗就对了 没有熬夜的柠檬只有熬夜的打工人,9,278,福建,f
2025-03-18 17:18:20+08:00,哈哈哈哈，笑死，熬夜的柠檬🍋,0,70,四川,f
2025-03-18 16:36:26+08:00,熬夜柠檬,0,21,北京,f
2025-03-18 18:47:30+08:00,熬夜柠檬杯,0,13,吉林,f
2025-03-18 18:49:34+08:00,柠檬就不需要休息了嘛,0,16,江苏,f
2025-03-18 23:12:28+08:00,熬夜柠檬，哈哈哈,0,2,安徽,f
2025-03-19 00:34:24+08:00,可怜的打工人,0,4,浙江,f
2025-03-19 07:10:30+08:00,最终打工人承担了所有,0,0,四川,f
2025-03-18 22:06:07+08:00,,0,0,山东,f
2025-03-18 18:10:21+08:00,,0,0,湖南,f
2025-03-22 20:42:07+08:00,超级可爱的柚子宝宝,0,0,四川,f
2025-03-22 20:05:30+08:00,柚子,0,0,河南,f
2025-03-22 20:00:16+08:00,好吃吗胖儿,0,0,河北,f
2025-03-22 19:30:11+08:00,柚子旁边的小朋友怎么这么像外婆呀？,0,0,北京,f
2025-03-22 19:03:34+08:00,妈呀 好乖 姨姨想rua 一下,0,0,四川,f
2025-03-22 18:49:57+08:00,这个脆皮圣代是真的好吃,0,0,江苏,f
2025-03-22 18:43:38+08:00,柚子越来越可爱了,0,0,重庆,f
2025-03-22 18:31:26+08:00,,0,0,甘肃,f
2025-03-22 18:30:19+08:00,🍋:我通宵怎么了,0,0,广西,f
2025-03-22 18:29:29+08:00,偶遇可爱宝,0,0,浙江,f
2025-03-21 14:35:57+08:00,现在开始带节奏千禾了，这个好打,18,25,青海,m
2025-03-21 14:10:53+08:00,人家姓沪，没看到吗,1,68,广东,f
2025-03-21 14:19:28+08:00,因为是沪上,0,23,泰国,f
2025-03-21 18:46:43+08:00,沪上的深圳某南山地铁门店之前还薅骑手羊毛呢，一个店原材料不够了，就从另一家门店调货，下单让饿了么骑手送，完好送到后他们投诉货损，骑手反馈申诉他们先同意赔了骑手被平台扣的钱，反手又举报骑手收钱，导致骑手好几天不能接单，吃相不要太难看了啦，就无耻的很,1,19,北京,f
2025-03-22 16:04:07+08:00,沪上、汉口，buff大齐全,0,0,广东,f
2025-03-21 18:07:22+08:00,之前星某克不是也爆出一堆问题嘛？怎么没人管,0,2,广西,m
2025-03-22 18:32:46+08:00,霉体，是见人下菜碟，而且一定要规避资本主子,0,0,河南,m
2025-03-22 07:21:37+08:00,不够自由化是吧,2,220,北京,m
2025-03-22 10:37:27+08:00,原来是这样啊,0,104,北京,f
2025-03-22 10:29:11+08:00,越想黑蜜雪蜜雪更加红！！,0,95,广东,m
2025-03-22 12:34:58+08:00,哎～你别说～你还真别说。。。,0,51,广东,f
2025-03-22 15:07:08+08:00,真相大白,0,30,广西,m
2025-03-22 09:30:54+08:00,拍马屁而已,6,1,浙江,m
2025-03-22 18:12:21+08:00,很有可能这就是那五学当记者时候就有的敲诈手段,0,9,北京,f
2025-03-22 14:28:16+08:00,yysy搞思想工作还是有一套的,0,5,上海,f
2025-03-22 09:33:49+08:00,河南媒体不值得，建议搬来湖南,4,6,湖南,f
2025-03-22 14:36:15+08:00,居然很有说服力～,0,13,上海,f
2025-03-21 23:12:13+08:00,柠檬水是蜜雪冰城唯一好喝的了，其他都很难喝,116,248,广东,m
2025-03-21 23:17:12+08:00,那个拿剑的雪王有点像……,2,386,广东,m
2025-03-21 23:15:13+08:00,报废柠檬再告你个浪费食物,4,257,吉林,m
2025-03-21 23:12:24+08:00,雪王摆平自己，其他摆平媒体,0,167,江苏,m
2025-03-21 23:31:37+08:00,这下每天浪费的就要超过94.5吨了,3,94,福建,f
2025-03-22 07:11:50+08:00,因为媒体公器私用想讹诈钱，每年几百吨柠檬就被浪费了。等等，食物浪费是比PUA逼人自杀还严重的罪行，这不是央视最近强调的吗？你们媒体TM的能不能要点脸?,1,64,北京,m
2025-03-22 08:05:36+08:00,我还是在继续喝三分糖的冰柠檬水，我喜欢喝这个口感,4,11,北京,m
2025-03-22 03:34:38+08:00,“我不认为这是高尚的”,0,11,河南,m
2025-03-22 08:08:30+08:00,信不信明年315媒体会抨击蜜雪每年浪费94.6吨的柠檬，明明柠檬没坏却要被扔掉,0,19,河南,f
2025-03-22 02:43:32+08:00,那当天闭店前可以去要用剩下的吗？,1,4,北京,m
2025-03-22 14:48:51+08:00,我觉得那个香芋香精味太重了（虽然这个价格也不能要求什么。,3,7,北京,f
2025-03-22 14:47:23+08:00,我们这儿怎么没有,3,0,河南,f
2025-03-22 14:45:58+08:00,糯米是真的加进去了还是口感形容,1,0,福建,f
2025-03-22 14:45:14+08:00,？？？？出了我不知道的新口味啊啊啊啊,0,1,湖南,f
2025-03-22 14:52:19+08:00,同意！但是每次买他们都没有脆皮和糯米滋,2,0,安徽,f
2025-03-22 20:28:05+08:00,好怀念麦当劳的奶昔,0,0,山东,f
2025-03-22 17:50:54+08:00,对的对的！上回去买只吃到了布丁的好可惜,0,0,四川,f
2025-03-22 15:13:16+08:00,我们这没有看着好好吃啊…,0,0,海南,f
2025-03-22 20:46:10+08:00,好吃,0,0,湖北,m
2025-03-22 19:29:56+08:00,离我最近的那家只有布丁版,0,0,湖北,f
2025-03-22 12:15:52+08:00,这几年湖北和西边的邻居对河南可上心了,4,9,河南,m
2025-03-22 17:52:29+08:00,hb这边很多日精，不然你以为为啥种那么多樱花,4,2,湖北,m
2025-03-22 10:48:33+08:00,城市和城市之间的恶竞都如此可怕，简直了,2,6,湖南,f
2025-03-22 17:02:46+08:00,@极目新闻 你看着办,0,0,湖北,m
2025-03-22 17:56:50+08:00,原来如此,0,0,云南,m
2025-03-22 10:42:07+08:00,看看怎么回事,1,2,上海,f
2025-03-22 10:38:53+08:00,这是怎么回事,1,2,上海,f
2025-03-22 10:36:11+08:00,,0,1,安徽,f
2025-03-22 10:36:08+08:00,好玩,0,1,安徽,f
2025-03-22 10:36:01+08:00,可爱,0,1,安徽,f
2025-03-22 12:15:07+08:00,不会吧！,0,0,北京,f
2025-03-22 11:01:37+08:00,什么情况,0,0,四川,f
2025-03-22 10:47:41+08:00,咋回事啊,0,0,广西,m
2025-03-22 11:08:53+08:00,上午好！,0,0,贵州,f
2025-03-22 10:46:19+08:00,感谢分享,0,0,江苏,f
2025-03-22 09:38:38+08:00,给我,1,1,福建,f
2025-03-22 10:44:24+08:00,诡秘你柠檬水有了,1,1,福建,m
2025-03-22 10:25:49+08:00,分我,1,1,山东,f
2025-03-22 09:57:21+08:00,可以可以,1,1,四川,m
2025-03-22 09:44:15+08:00,分红,1,1,江西,f
2025-03-22 09:41:09+08:00,,1,1,湖南,f
2025-03-22 09:40:52+08:00,赚了一个柳智敏,1,1,内蒙古,f
2025-03-22 09:38:53+08:00,笑晕了,1,1,广东,m
2025-03-22 09:39:01+08:00,给我,1,1,河南,m
2025-03-22 13:02:56+08:00,给我,0,1,四川,f
2025-03-21 01:16:05+08:00,现在老人们正流行沙棘籽油和骆驼奶粉呢,8,66,广东,f
2025-03-21 00:27:41+08:00,老年人保健品市场大，资本的力量大到能操控媒体，雪王才多大？一个卖柠檬水的，随便拿捏。,1,75,湖北,m
2025-03-20 23:40:50+08:00,首先：315并没有说蜜雪冰城的事，是地方媒体搞得事，,3,17,福建,m
2025-03-21 00:50:33+08:00,驼奶粉，包治百病的驼奶粉。,0,23,江西,m
2025-03-21 06:51:05+08:00,现在人造谣一张嘴胡说呢，315有提蜜雪的事？,0,9,河南,m
2025-03-21 08:56:15+08:00,因为蜜雪冰城不会揍他，你看忽悠老人店的背后，几个没有黑社会背景？,0,8,北京,m
2025-03-21 05:59:02+08:00,电诈集团那么多电话卡好像是咱们的把，三大运营商不去查查还是不敢？,0,9,山东,m
2025-03-21 07:18:57+08:00,老年人保健品请了多少明星代言，给媒体带货多少流量,0,8,湖南,m
2025-03-21 08:09:34+08:00,天天315才行，否则打不过来,0,5,宁夏,m
2025-03-21 07:54:09+08:00,因为他们眼红了,0,4,四川,f
2025-03-22 21:16:53+08:00,哪找的图片,1,0,广东,f
2025-03-22 21:18:42+08:00,看看银行卡余额,0,0,湖北,f
2025-03-22 20:58:11+08:00,今天门口的蜜雪排队,0,0,山东,m
2025-03-22 21:15:19+08:00,柠檬片效应就是说,0,0,河南,m
2025-03-22 20:35:07+08:00,真的太像雪王了，尤其脸蛋圆圆的，可可爱爱的,0,23,浙江,f
2025-03-22 20:35:33+08:00,雪王那个弹幕好好笑,0,6,重庆,f
2025-03-22 20:36:53+08:00,哈哈哈真的,0,0,陕西,f
2025-03-22 21:16:46+08:00,雪王👑,0,0,江苏,f
2025-03-22 20:47:02+08:00,今晚的母女情看哭了,0,0,四川,m
2025-03-22 20:39:19+08:00,真的,0,0,湖北,f
2025-03-22 21:11:44+08:00,也不对 做那么多研报我可能早就似了,0,0,新加坡,m
2025-03-22 20:54:01+08:00,今天我这有满15抽奖，抽到一个杯子,2,3,上海,f
2025-03-22 21:04:46+08:00,有我,0,0,福建,m
2025-03-22 21:13:45+08:00,黑幕！,0,0,河北,m
2025-03-22 20:55:56+08:00,嗨幕，为什么我没中！哦我没抽啊,0,0,云南,f
2025-03-21 23:12:13+08:00,柠檬水是蜜雪冰城唯一好喝的了，其他都很难喝,116,250,广东,m
2025-03-21 23:17:12+08:00,那个拿剑的雪王有点像……,2,388,广东,m
2025-03-21 23:15:13+08:00,报废柠檬再告你个浪费食物,4,260,吉林,m
2025-03-21 23:12:24+08:00,雪王摆平自己，其他摆平媒体,0,167,江苏,m
2025-03-21 23:31:37+08:00,这下每天浪费的就要超过94.5吨了,3,96,福建,f
2025-03-22 07:11:50+08:00,因为媒体公器私用想讹诈钱，每年几百吨柠檬就被浪费了。等等，食物浪费是比PUA逼人自杀还严重的罪行，这不是央视最近强调的吗？你们媒体TM的能不能要点脸?,1,64,北京,m
2025-03-22 08:05:36+08:00,我还是在继续喝三分糖的冰柠檬水，我喜欢喝这个口感,4,11,北京,m
2025-03-22 03:34:38+08:00,“我不认为这是高尚的”,0,11,河南,m
2025-03-22 08:08:30+08:00,信不信明年315媒体会抨击蜜雪每年浪费94.6吨的柠檬，明明柠檬没坏却要被扔掉,0,19,河南,f
2025-03-22 02:43:32+08:00,那当天闭店前可以去要用剩下的吗？,1,4,北京,m
2025-03-21 23:10:17+08:00,觅血兵城,0,7,广东,f
2025-03-22 00:50:17+08:00,媒体发现自己没办法操控舆论了，气的对着蜜雪冰城喊到“你居然每年使用94吨隔夜柠檬片！”,0,12,上海,m
2025-03-22 07:04:48+08:00,做个耻辱墙都这么可爱，也是独一无二了,0,6,山东,f
2025-03-22 01:33:54+08:00,没切开的呢,1,0,江苏,m
2025-03-22 14:34:03+08:00,当天要报废的柠檬可不可以打折卖？早前找到个叫“惜食魔法袋”的做这类销售的小程序，每天晚8点前下单，八点后去店里取店家计划当天没卖掉要销毁的食品,0,1,天津,m
2025-03-22 09:15:30+08:00,硬找话题的媒体可不愿意好好宣传这个,0,1,河南,m
2025-03-22 10:05:24+08:00,因为蜜雪冰城本身就不让柠檬过夜过夜是加盟商的问题，加盟商违规然后路人去维护蜜雪冰城这很奇怪啊加盟商和蜜雪冰城不是一体的,0,2,浙江,f
2025-03-22 12:21:03+08:00,店员的工资又没涨，又搁这儿折腾店员平添多余的劳累了，,0,2,江苏,f
2025-03-22 09:05:47+08:00,徒增不必要的成本，伤害的从不是蜜雪冰城总部，而是每个加盟雪王的创业人。,0,2,河南,m
2025-03-22 08:54:57+08:00,别扔啊，咱不就来晚了几小时吗,0,2,广东,m
2025-03-18 19:38:48+08:00,隔夜员工笑死,2,230,上海,f
2025-03-19 11:47:13+08:00,可是原来一个班上10个小时，现在得3班倒啊，应该开心吧,1,18,陕西,f
2025-03-18 18:17:55+08:00,员工不容易,3,49,广西,f
2025-03-18 17:20:14+08:00,哈哈哈哈哈，隔夜员工,0,3,山东,f
2025-03-18 17:26:16+08:00,继续喝呗,0,1,湖北,f
2025-03-18 22:11:28+08:00,隔夜牛马，熬夜柠檬,0,22,江苏,f
2025-03-19 14:52:55+08:00,我以后努力喝柠檬🍋～嘻嘻～,0,3,江苏,f
2025-03-19 12:29:03+08:00,我觉得蜜雪应该坚持自己的底线，没必要为了无良媒体走这条路。,0,1,浙江,f
2025-03-19 10:23:58+08:00,不让柠檬隔夜 就让牛马隔夜,0,2,浙江,m
2025-03-19 03:51:54+08:00,只要不关门都不叫隔夜,0,3,福建,f
2025-03-18 22:53:54+08:00,晚上好，很不高兴为您服务//@Liiiiiii_yx流月:隔夜员工笑死,0,3,广东,f
2025-03-18 18:20:57+08:00,是真的吗，笑死,0,3,浙江,f
2025-03-19 07:12:15+08:00,哈哈哈哈哈,0,1,四川,f
2025-03-19 01:50:16+08:00,,0,1,浙江,f
2025-03-18 21:45:39+08:00,,0,1,河南,f
2025-03-18 21:25:07+08:00,哈哈哈哈哈,0,1,北京,f
2025-03-18 22:27:49+08:00,配的插动图很好,0,1,河南,f
2025-03-18 20:29:09+08:00,很好看，我喜欢,0,0,浙江,f
2025-03-18 20:03:52+08:00,晚上好,0,0,江苏,f
2025-03-18 19:59:05+08:00,晚上好呀,0,0,中国香港,f
2025-03-22 20:42:07+08:00,超级可爱的柚子宝宝,0,0,四川,f
2025-03-22 20:05:30+08:00,柚子,0,0,河南,f
2025-03-22 20:00:16+08:00,好吃吗胖儿,0,0,河北,f
2025-03-22 19:30:11+08:00,柚子旁边的小朋友怎么这么像外婆呀？,0,0,北京,f
2025-03-22 19:03:34+08:00,妈呀 好乖 姨姨想rua 一下,0,0,四川,f
2025-03-22 18:49:57+08:00,这个脆皮圣代是真的好吃,0,0,江苏,f
2025-03-22 18:43:38+08:00,柚子越来越可爱了,0,0,重庆,f
2025-03-22 18:31:26+08:00,,0,0,甘肃,f
2025-03-22 18:30:19+08:00,🍋:我通宵怎么了,0,0,广西,f
2025-03-22 18:29:29+08:00,偶遇可爱宝,0,0,浙江,f
2025-03-22 20:01:33+08:00,图二手机号,0,0,广西,m
2025-03-22 14:48:51+08:00,我觉得那个香芋香精味太重了（虽然这个价格也不能要求什么。,3,7,北京,f
2025-03-22 14:47:23+08:00,我们这儿怎么没有,3,0,河南,f
2025-03-22 14:45:58+08:00,糯米是真的加进去了还是口感形容,1,0,福建,f
2025-03-22 14:45:14+08:00,？？？？出了我不知道的新口味啊啊啊啊,0,1,湖南,f
2025-03-22 14:52:19+08:00,同意！但是每次买他们都没有脆皮和糯米滋,2,0,安徽,f
2025-03-22 20:28:05+08:00,好怀念麦当劳的奶昔,0,0,山东,f
2025-03-22 17:50:54+08:00,对的对的！上回去买只吃到了布丁的好可惜,0,0,四川,f
2025-03-22 15:13:16+08:00,我们这没有看着好好吃啊…,0,0,海南,f
2025-03-22 20:46:10+08:00,好吃,0,0,湖北,m
2025-03-22 19:29:56+08:00,离我最近的那家只有布丁版,0,0,湖北,f
2025-03-22 18:27:10+08:00,不考虑成份真的很好的,0,0,安徽,f
2025-03-22 17:07:58+08:00,是吗，要吃,0,0,江苏,f
2025-03-22 16:59:37+08:00,好的回家就去买！上次吃香芋冰淇淋感觉很像小时候的大头雪糕,0,0,浙江,f
2025-03-22 16:04:45+08:00,没书看了老公,0,0,吉林,f
2025-03-22 16:01:38+08:00,同意，就是那个糯米糍感觉是我小时候大街上叫卖的黄米饭,0,0,黑龙江,f
2025-03-22 15:30:19+08:00,不行，代巧克力脆皮很难吃，,0,0,湖北,f
2025-03-22 15:28:28+08:00,！等下我就去吃,0,0,湖北,m
2025-03-22 15:23:58+08:00,刚吃了一个甜筒🍦,0,0,安徽,f
2025-03-22 15:20:07+08:00,对的！！巨好吃！！,0,0,上海,f
2025-03-22 15:08:53+08:00,好吃！就是圣代太小了,0,0,黑龙江,f
2025-03-22 18:00:03+08:00,叮~！您使用 “蜜雪冰城” 发布的微博，已被超话君收录到您的专属超话 蜜雪冰城 中了凹~想知道粉丝们都在超话里聊些什么嘛~快来宠粉翻牌吧！直达现场&gt;&gt;  蜜雪冰城,0,0,,m
2025-03-22 18:29:50+08:00,到了桃子🍑的季节了吗？,0,1,河南,f
2025-03-22 18:01:01+08:00,第一,0,1,北京,f
2025-03-22 21:22:22+08:00,嗯！蜜桃四季春长的不错,0,0,广东,f
2025-03-22 20:31:22+08:00,可爱嘻嘻！,0,0,新疆,f
2025-03-22 18:42:51+08:00,是有新品了嘛，雪王。又努力工作了一天,0,0,天津,f
2025-03-22 18:10:15+08:00,雪，看我名字,0,0,陕西,m
2025-03-22 18:02:31+08:00,我哭亖，雪王是真用水果啊,0,0,湖南,f
2025-03-22 21:35:30+08:00,看着就想吃喝,0,0,河南,m
2025-03-22 20:52:20+08:00,雪王打工哈哈哈哈哈,0,0,河南,f
2025-03-22 20:49:25+08:00,再说一次！香芋大圣代！！,0,0,四川,f
2025-03-22 20:47:25+08:00,这吨位一车少拉半车🍑,0,0,湖北,f
2025-03-22 20:34:06+08:00,雪王好棒最喜欢蜜桃四季春,0,1,重庆,f
2025-03-22 19:57:22+08:00,雪王好勤快,0,0,山西,f
2025-03-22 19:50:18+08:00,香芋还没喝够，又要上桃子了,0,0,黑龙江,f
2025-03-22 19:38:20+08:00,,0,0,江苏,f
2025-03-22 18:28:59+08:00,桃桃摇摇奶昔能回归吗 超爱桃桃摇摇奶昔,0,0,安徽,f
2025-03-22 18:25:10+08:00,雪王竟然能忍住不偷吃,0,0,广东,f
2025-03-22 18:02:19+08:00,有桃子了？！,0,0,山东,m
2025-03-22 18:15:05+08:00,哟哟哟,0,0,新疆,f
2025-03-22 07:21:37+08:00,不够自由化是吧,2,240,北京,m
2025-03-22 10:37:27+08:00,原来是这样啊,0,110,北京,f
2025-03-22 10:29:11+08:00,越想黑蜜雪蜜雪更加红！！,0,101,广东,m
2025-03-22 12:34:58+08:00,哎～你别说～你还真别说。。。,0,57,广东,f
2025-03-22 15:07:08+08:00,真相大白,0,32,广西,m
2025-03-22 09:30:54+08:00,拍马屁而已,6,1,浙江,m
2025-03-22 18:12:21+08:00,很有可能这就是那五学当记者时候就有的敲诈手段,0,11,北京,f
2025-03-22 14:28:16+08:00,yysy搞思想工作还是有一套的,0,7,上海,f
2025-03-22 09:33:49+08:00,河南媒体不值得，建议搬来湖南,4,6,湖南,f
2025-03-22 21:36:17+08:00,四块一杯，工作人员忙得飞起,0,0,湖南,f
2025-03-22 14:36:15+08:00,居然很有说服力～,0,13,上海,f
2025-03-22 20:52:09+08:00,@北京日报@封面新闻 没别的意思就是你能不能跪下来道个歉,0,5,海南,m
2025-03-22 20:19:39+08:00,很明显，那些疯狂撕咬的，就是冲着这个去的呗，要不然就🍋隔夜，至于么,0,11,北京,m
2025-03-22 15:47:10+08:00,不必过分解读 这个体量的企业都有党支部,0,8,江苏,f
2025-03-22 14:45:01+08:00,刚刚照的，买的人超级多,1,9,北京,f
2025-03-22 21:18:56+08:00,我之前就关注了，今天才发现怎么自动被取消关注了,0,0,湖北,m
2025-03-22 14:29:46+08:00,你这么说那还真有可能,0,4,重庆,m
2025-03-22 17:36:59+08:00,建议来湖北，铺子这么大的舆论武汉都一起扛下来了，可见营商环境多好,0,2,广西,f
2025-03-22 15:59:20+08:00,太开门了,0,0,山东,m
2025-03-22 07:48:19+08:00,,0,0,上海,f
2025-03-22 10:42:07+08:00,看看怎么回事,1,2,上海,f
2025-03-22 10:38:53+08:00,这是怎么回事,1,2,上海,f
2025-03-22 10:36:11+08:00,,0,1,安徽,f
2025-03-22 10:36:08+08:00,好玩,0,1,安徽,f
2025-03-22 10:36:01+08:00,可爱,0,1,安徽,f
2025-03-22 12:15:07+08:00,不会吧！,0,0,北京,f
2025-03-22 11:01:37+08:00,什么情况,0,0,四川,f
2025-03-22 10:47:41+08:00,咋回事啊,0,0,广西,m
2025-03-22 11:08:53+08:00,上午好！,0,0,贵州,f
2025-03-22 10:46:19+08:00,感谢分享,0,0,江苏,f
2025-03-22 17:27:29+08:00,尸体vv一暖,0,0,越南,f
2025-03-22 15:12:03+08:00,嘻嘻,0,0,广东,f
2025-03-22 10:29:13+08:00,这工资哪里高了,0,1,湖南,f
2025-03-22 10:16:15+08:00,这工资还高啊一小时 100/8=12.5,0,0,广东,m
2025-03-22 18:15:01+08:00,我一会就去买,1,1,浙江,f
2025-03-22 18:13:16+08:00,寒暑假，孩跟我去办公室，都会请他！,1,1,江苏,m
2025-03-22 21:31:25+08:00,转发微博,0,0,加拿大,m
2025-03-22 21:32:49+08:00,打卡蜜雪冰城，这波甜品满分！,0,0,罗伯特,f
2025-03-22 21:32:49+08:00,打卡蜜雪冰城，这波甜品满分！,0,0,罗伯特,f
2025-03-22 19:15:31+08:00,哈哈哈哈哈哈哈哈哈 解气,0,1,河南,m
2025-03-22 19:08:01+08:00,建议看2D IMAX,1,0,北京,m
2025-03-22 20:54:38+08:00,回来的正是时候，现在哪吒imax的位置随便选，我去前两次位置都不是很理想。。准备3刷,0,0,上海,m
2025-03-22 18:44:14+08:00,哈哈哈哈回来了,0,0,广东,f
2025-03-22 21:06:58+08:00,,0,0,广东,f
2025-03-22 20:07:30+08:00,哈哈哈第二条,0,0,重庆,f
2025-03-22 19:29:17+08:00,转发微博,0,0,北京,m
2025-03-22 19:58:28+08:00,哈哈哈哈哈哈,0,0,北京,f
2025-03-22 15:11:27+08:00,好宝宝,0,0,广东,f
2025-03-22 18:58:36+08:00,@Serend1pity___,1,0,浙江,f
2025-03-22 16:10:16+08:00,@红烧小虞头 @草莓米糕_ 宝宝我养你,1,0,吉林,f
2025-03-22 15:21:50+08:00,@WangYipe 狠狠宠你,0,1,上海,m
2025-03-22 15:08:02+08:00,那很体贴了🥹,0,1,山东,m
2025-03-22 17:46:10+08:00,哦哦哦,0,0,北京,f
2025-03-22 16:44:31+08:00,隔夜柠檬水给我喝拉了我都夸它通便，四块钱要什么自行车？,0,0,江苏,f
2025-03-21 15:20:37+08:00,因为 不用我自己做,0,61,浙江,f
2025-03-21 15:17:40+08:00,因为其他家要十几二十,0,43,上海,m
2025-03-21 15:23:27+08:00,啊？,0,1,山东,f
2025-03-21 15:14:29+08:00,啊这,0,0,江西,f
2025-03-21 21:28:35+08:00,你咋不问同样都是奶茶别的怎么17.8块,4,13,安徽,f
2025-03-21 20:43:28+08:00,因为我能喝柠檬水，吃不了柠檬。,0,11,河北,m
2025-03-22 00:56:55+08:00,账不是这个算法，门面费人工费还有各种隐形开支呢。,0,12,北京,f
2025-03-22 01:08:50+08:00,有的店十几块的柠檬水用的还是勾兑材料，一点柠檬都看不到,0,9,广东,m
2025-03-22 09:50:52+08:00,不便宜吗，柠檬口味的饮料都不止四块,0,7,江西,f
2025-03-22 16:13:51+08:00,那么问题来了，星巴克卖的咖啡纯算成本多少钱,0,3,上海,m
2025-03-22 14:16:38+08:00,你要怎么算，其实房子车子数码产品的成本也就那样，你自己搞一堆零件自己弄,0,4,广东,m
2025-03-22 13:11:48+08:00,你要这么算的话…你买一两面条才两块，早餐店卖你9块，菜市场一只鸡要不了一百块，一锅柴火鸡500……,0,3,四川,f
2025-03-21 23:13:19+08:00,说明你没买过柠檬。正常柠檬一块钱一个,0,2,江苏,m
2025-03-22 21:26:22+08:00,啥都自己做是便宜了，可是没那个时间，没那个味道，没那个方便啊,0,1,河南,m
2025-03-22 21:25:15+08:00,可不是咋的，五块都能买一把刀了，为什么要去医院做手术啊，以后生病自己喇自己嗷,0,1,陕西,f
2025-03-22 16:18:43+08:00,人工贵啊，店铺啥不用租金啊,0,1,上海,f
2025-03-22 19:49:27+08:00,谁告诉你，蜜雪冰城柠檬水4块钱？,0,0,吉林,m
2025-03-22 14:53:14+08:00,房租，人员工资都是成本啊,0,0,四川,f
2025-03-21 23:23:37+08:00,我不喝柠檬水，但我猜测一杯用一个柠檬的量，再加上冰块是不是就划算了！,1,0,山东,f
2025-03-21 19:04:27+08:00,泰山顶居然还有蜜雪冰城,12,175,广东,m
2025-03-21 18:56:44+08:00,我记得线下买是4块,13,24,山东,m
2025-03-21 20:17:39+08:00,泰山顶上水才4块放全国景区都算良心价了,3,51,山东,f
2025-03-21 19:20:19+08:00,河南也是，景区雪王只加一元钱,0,54,广东,f
2025-03-21 21:05:57+08:00,泰山是所有5A景区最良心的了,1,16,山东,m
2025-03-21 19:42:32+08:00,差不多吧，之前出去旅游，有个景区里边小小的水果盒10-15块一盒，矿泉水5块，冰鲜柠檬水也是5块。,0,5,吉林,m
2025-03-22 00:10:02+08:00,蜜雪事件就跟当年长城找比亚迪毛病，从里到外翻了个遍，最后就找出个高压油箱的问题。实在是挑不出大毛病了,0,9,北京,m
2025-03-21 22:15:29+08:00,我在三亚海角天涯逛的时候，别人卖那么贵，蜜雪冰城也没涨价,0,8,山东,m
2025-03-21 20:50:08+08:00,什么，泰山顶5块？卧槽,0,3,上海,m
2025-03-22 11:40:41+08:00,“甘露普济雪饮真君”,0,3,江苏,m
2025-03-21 20:23:29+08:00,我天呐这真的没得黑,0,2,浙江,m
2025-03-21 19:29:57+08:00,为了这杯，今年得再爬一次泰山,0,5,北京,m
2025-03-22 12:19:52+08:00,是的，不过开门太晚了，我看完日出想喝一杯的时候没开门,0,0,山东,f
2025-03-21 23:16:18+08:00,嗯,0,0,辽宁,m
2025-03-22 19:21:58+08:00,泰山顶上矿泉水4块一瓶其实也算良心价了。,0,0,江苏,m
2025-03-22 17:33:17+08:00,泰山顶上矿泉水才4块钱，不贵呀！,0,0,北京,m
2025-03-22 15:54:58+08:00,,0,0,山东,m
2025-03-22 10:53:28+08:00,旅游景区矿泉水6块起步,0,0,广东,m
2025-03-22 08:23:35+08:00,我说怎么涨了一块，原来是泰山顶还以为你吃回扣了,0,0,浙江,m
2025-03-22 08:13:55+08:00,我要是没记错的话，火车站也是五块,0,0,上海,m
2025-03-22 21:25:33+08:00,蜜雪冰城的惊喜，期待明天的味道！,0,0,罗伯特,f
2025-03-22 20:37:42+08:00,,0,0,内蒙古,m
2025-03-22 20:31:19+08:00,真的又便宜又好喝,0,0,湖南,f
2025-03-22 20:33:10+08:00,大家都爱,0,0,广东,f
2025-03-22 20:35:07+08:00,真的太像雪王了，尤其脸蛋圆圆的，可可爱爱的,0,31,浙江,f
2025-03-22 20:35:33+08:00,雪王那个弹幕好好笑,0,7,重庆,f
2025-03-22 20:36:53+08:00,哈哈哈真的,0,0,陕西,f
2025-03-22 21:16:46+08:00,雪王👑,0,0,江苏,f
2025-03-22 20:47:02+08:00,今晚的母女情看哭了,0,0,四川,m
2025-03-22 20:39:19+08:00,真的,0,0,湖北,f
2025-03-22 07:21:37+08:00,不够自由化是吧,2,240,北京,m
2025-03-22 10:37:27+08:00,原来是这样啊,0,110,北京,f
2025-03-22 10:29:11+08:00,越想黑蜜雪蜜雪更加红！！,0,101,广东,m
2025-03-22 12:34:58+08:00,哎～你别说～你还真别说。。。,0,57,广东,f
2025-03-22 15:07:08+08:00,真相大白,0,32,广西,m
2025-03-22 09:30:54+08:00,拍马屁而已,6,1,浙江,m
2025-03-22 18:12:21+08:00,很有可能这就是那五学当记者时候就有的敲诈手段,0,11,北京,f
2025-03-22 14:28:16+08:00,yysy搞思想工作还是有一套的,0,7,上海,f
2025-03-22 09:33:49+08:00,河南媒体不值得，建议搬来湖南,4,6,湖南,f
2025-03-22 21:36:17+08:00,四块一杯，工作人员忙得飞起,0,0,湖南,f
2025-03-22 14:36:15+08:00,居然很有说服力～,0,13,上海,f
2025-03-22 20:52:09+08:00,@北京日报@封面新闻 没别的意思就是你能不能跪下来道个歉,0,5,海南,m
2025-03-22 20:19:39+08:00,很明显，那些疯狂撕咬的，就是冲着这个去的呗，要不然就🍋隔夜，至于么,0,11,北京,m
2025-03-22 15:47:10+08:00,不必过分解读 这个体量的企业都有党支部,0,8,江苏,f
2025-03-22 14:45:01+08:00,刚刚照的，买的人超级多,1,9,北京,f
2025-03-22 21:18:56+08:00,我之前就关注了，今天才发现怎么自动被取消关注了,0,0,湖北,m
2025-03-22 14:29:46+08:00,你这么说那还真有可能,0,4,重庆,m
2025-03-22 17:36:59+08:00,建议来湖北，铺子这么大的舆论武汉都一起扛下来了，可见营商环境多好,0,2,广西,f
2025-03-22 15:59:20+08:00,太开门了,0,0,山东,m
2025-03-22 07:48:19+08:00,,0,0,上海,f
2025-03-22 21:23:19+08:00,熊也想吃,0,0,江苏,f
2025-03-21 01:16:05+08:00,现在老人们正流行沙棘籽油和骆驼奶粉呢,8,66,广东,f
2025-03-21 00:27:41+08:00,老年人保健品市场大，资本的力量大到能操控媒体，雪王才多大？一个卖柠檬水的，随便拿捏。,1,76,湖北,m
2025-03-20 23:40:50+08:00,首先：315并没有说蜜雪冰城的事，是地方媒体搞得事，,3,18,福建,m
2025-03-21 00:50:33+08:00,驼奶粉，包治百病的驼奶粉。,0,23,江西,m
2025-03-21 06:51:05+08:00,现在人造谣一张嘴胡说呢，315有提蜜雪的事？,0,9,河南,m
2025-03-21 08:56:15+08:00,因为蜜雪冰城不会揍他，你看忽悠老人店的背后，几个没有黑社会背景？,0,8,北京,m
2025-03-21 05:59:02+08:00,电诈集团那么多电话卡好像是咱们的把，三大运营商不去查查还是不敢？,0,9,山东,m
2025-03-21 07:18:57+08:00,老年人保健品请了多少明星代言，给媒体带货多少流量,0,8,湖南,m
2025-03-21 08:09:34+08:00,天天315才行，否则打不过来,0,5,宁夏,m
2025-03-21 07:54:09+08:00,因为他们眼红了,0,4,四川,f
2025-03-21 09:21:41+08:00,因为蜜雪冰城倒不了 卸了老年保健品的桌子 就会饿死很多人,1,2,辽宁,m
2025-03-21 08:17:03+08:00,身边就有老人被坑十几万，儿女劝说，被指不孝。,0,4,山东,m
2025-03-21 10:07:47+08:00,他们就是不敢去冲那用煤油罐车装食用油的金龙鱼,0,4,宁夏,m
2025-03-21 10:36:24+08:00,三七粉，益生菌，纳豆，分子肽，等等等，各种往嘴里炫,0,3,四川,m
2025-03-21 11:49:16+08:00,因为315曝光的是大家不知道的事情。,0,1,江苏,m
2025-03-21 11:29:35+08:00,银发经济促进消费，一单就是几万几十万的消费，蜜雪要多少杯柠檬水了,0,2,四川,f
2025-03-21 10:12:02+08:00,退休工资,0,1,四川,m
2025-03-21 09:08:19+08:00,因为曝光别人的央S就是卖保健品的,0,1,江苏,f
2025-03-21 08:56:08+08:00,有没有听说过食用菌的,0,1,山东,m
2025-03-22 21:16:53+08:00,哪找的图片,2,0,广东,f
2025-03-22 21:21:28+08:00,…,1,0,山东,f
2025-03-22 21:18:42+08:00,看看银行卡余额,1,0,湖北,f
2025-03-22 21:26:01+08:00,都是因为🦪人家才一毛钱都没有了,0,0,安徽,f
2025-03-22 21:25:36+08:00,拿着我的零钱截图装什么,0,0,安徽,f
2025-03-22 21:24:39+08:00,拼柠檬茶吗 2r一位,0,0,广东,f
2025-03-22 21:20:32+08:00,刚支持完,0,0,辽宁,m
2025-03-22 20:58:11+08:00,今天门口的蜜雪排队,0,0,山东,m
2025-03-22 20:42:07+08:00,超级可爱的柚子宝宝,0,0,四川,f
2025-03-22 20:05:30+08:00,柚子,0,0,河南,f
2025-03-22 20:00:16+08:00,好吃吗胖儿,0,0,河北,f
2025-03-22 19:30:11+08:00,柚子旁边的小朋友怎么这么像外婆呀？,0,0,北京,f
2025-03-22 19:03:34+08:00,妈呀 好乖 姨姨想rua 一下,0,0,四川,f
2025-03-22 18:49:57+08:00,这个脆皮圣代是真的好吃,0,0,江苏,f
2025-03-22 18:43:38+08:00,柚子越来越可爱了,0,0,重庆,f
2025-03-22 18:31:26+08:00,,0,0,甘肃,f
2025-03-22 18:30:19+08:00,🍋:我通宵怎么了,0,0,广西,f
2025-03-22 18:29:29+08:00,偶遇可爱宝,0,0,浙江,f
2025-03-22 20:01:33+08:00,图二手机号,0,0,广西,m
2025-03-22 21:33:40+08:00,因为排队太久给我打的雪顶超多，爽了,0,0,河南,m
2025-03-22 21:15:19+08:00,柠檬片效应就是说,0,0,河南,m
2025-03-22 21:11:44+08:00,也不对 做那么多研报我可能早就似了,0,0,新加坡,m
2025-03-22 21:11:44+08:00,也不对 做那么多研报我可能早就似了,0,0,海外,m
2025-03-22 20:54:01+08:00,今天我这有满15抽奖，抽到一个杯子,2,5,上海,f
2025-03-22 21:04:46+08:00,有我,0,0,福建,m
2025-03-22 21:22:26+08:00,中力好耶,0,0,重庆,f
2025-03-22 21:13:45+08:00,黑幕！,0,0,河北,m
2025-03-22 20:55:56+08:00,嗨幕，为什么我没中！哦我没抽啊,0,0,云南,f
2025-03-22 21:09:37+08:00,,0,0,安徽,m
2025-03-22 20:28:03+08:00,只有我认真回答问题，因为蜜雪的柠檬茶太难喝别说四块倒贴四块也不想喝，喝奶茶是放松不是受罪,6,0,上海,f
2025-03-21 23:51:15+08:00,因为上海人没品位,7,0,上海,m
2025-03-21 23:51:26+08:00,一个全是苏北人的城市就这样,0,0,上海,m
2025-03-22 19:34:59+08:00,难道不是因为租金贵，利润低不能覆盖租金吗。,0,2,北京,m
2025-03-22 19:57:49+08:00,因为上海不搞性价比，假清高和臭无知比较多，只能喝五十左右的星巴克，,2,0,广东,m
2025-03-22 18:30:07+08:00,广州很多蜜雪冰城啊,1,0,广东,m
2025-03-22 18:22:12+08:00,上海遍地都是。,0,3,上海,m
2025-03-22 17:07:51+08:00,图片评论,0,1,湖北,m
2025-03-22 19:54:37+08:00,寸土寸金的静安寺边上都有。怎么做不起来了？,0,2,上海,f
2025-03-22 21:38:23+08:00,也很多呀可能房租贵吧,0,0,上海,m
2025-03-22 21:19:03+08:00,你在扯什么淡，不过上海的蜜雪冰城贵1元，还有上海人最爱喝的是贵的要死的阿嬷手作,0,0,江苏,m
2025-03-22 20:58:56+08:00,啊？上海开不动？蜜雪冰城？nmd不是遍地都是蜜雪冰城吗？,0,0,上海,m
2025-03-22 20:57:19+08:00,到处都是啊,0,0,上海,f
2025-03-22 20:50:12+08:00,啊？目前蜜雪冰城上海以370家加盟店位居全国第一啊，这哪里的信息源？,0,0,山东,m
2025-03-22 20:49:35+08:00,放什么屁嘞，我一直买蜜雪冰城好吧。,0,0,上海,m
2025-03-22 20:14:00+08:00,上海很多家好吧，生意超好，博主一张嘴就是💩,0,0,上海,m
2025-03-22 19:16:28+08:00,比瑞幸确实少点,0,0,上海,m
2025-03-22 18:53:42+08:00,图片评论,0,0,上海,f
2025-03-22 17:01:22+08:00,放屁,0,0,上海,m
2025-03-22 21:10:33+08:00,山楂莓莓这波是甜品界的“翻车”现场啊，看来性价比不等于好味道嘛~下次试试别的好料，或许会有惊喜！,0,0,罗伯特聪明版,f
2025-03-22 21:13:03+08:00,为什么在学校可以喝到,3,0,北京,f
