content,create_date_time,liked_count,comments_count,shared_count,ip_location,gender
雪王高能量去桃园的一天🍑这桃子看着真好吃 #蜜雪冰城溯源# #蜜桃四季春# 蜜雪冰城 蜜雪冰城的微博视频 ,2025-03-22 18:00:01+08:00,57,20,4,河南,m
蜜雪冰城改成24小时营业，315之后就有护短学生提出这个建议，没想到蜜雪冰城真采纳，现在没有隔夜柠檬了，只有熬夜的柠檬。  #蜜雪冰城被曝黑料网友凭啥护短##蜜雪冰城改24小时营业# ,2025-03-18 16:19:38+08:00,1383,57,27,湖北,m
你们说， 蜜雪冰城被媒体咬住不放， 会不会是因为…… ,2025-03-22 07:20:51+08:00,1610,90,369,上海,m
蜜雪冰城做得很好… 但其他怎么没… ,2025-03-21 23:09:31+08:00,5835,237,112,北京,f
蜜雪冰城这个香芋糯米脆皮圣代好好吃 ,2025-03-22 14:43:20+08:00,107,41,2,辽宁,f
#蜜雪冰城兼职三天喝了两杯奶茶被辞退了# 无论你们怎么麦通稿黑雪王，他都不会塌房，有群众基础在，315到现在这么久了，用315的名恶意抹黑雪王，315没提过半点，你们什么算盘不用说了吧。蜜雪冰城 萌萌哒红色小象的微博视频 ,2025-03-22 10:35:39+08:00,80,17,0,安徽,f
蜜雪冰城门店8代设计 ,2025-03-22 12:00:00+08:00,13,0,2,黑龙江,m
蜜雪冰城用过夜柠檬又怎么了呢？作为一具尸体，能吃上柠檬也算有营养了 ,2025-03-22 10:08:40+08:00,25,2,2,天津,m
门前一家蜜雪冰城貌似比以前更火了。 忍不住给玩伴们买了一兜子柠檬水，以及甜筒🍦 诶呀，有些人越是想打倒的，我就越是想挺它  蜜雪冰城#蜜雪冰城柠檬水# ,2025-03-22 17:48:42+08:00,12,4,1,河北,m
通过DeepSeek了解到了大家支持蜜雪冰城的原因主要有以下几点：  1. **价格亲民**      蜜雪冰城的产品价格较低，尤其适合预算有限的消费者，尤其是学生和年轻人。这种高性价比让它在市场中具有竞争力。  2. **产品多样**      蜜雪冰城提供丰富的饮品选择，如奶茶、果茶、冰淇淋等，满足了不同消费者的 ...全文,2025-03-22 09:42:29+08:00,7,108,0,山东,f
雪王的吸引力超强 在证券上这叫羊群效应 ,2025-03-22 19:48:02+08:00,33,3,0,陕西,m
恭喜这几位中了蜜雪冰城的朋友 ,2025-03-22 20:50:51+08:00,4,0,0,福建,f
我也是终于吃上了蜜雪冰城这个紫色甜筒尊嘟超好吃 ,2025-03-22 20:48:37+08:00,1,0,0,甘肃,m
一下午拍的密密麻麻密密麻麻，回去慢慢选 路口全是格格还有格格骑自行车🚲 没啥合影还衣服前恰一张 蜜雪冰城人多的要打起来了 铜锅好吃！ ,2025-03-22 20:48:25+08:00,0,0,0,北京,f
今晚庄寒雁真的好给力，真想带大家揭竿而起了呀，她拿着那个烛台的样子，还真的很像蜜雪冰城 ,2025-03-22 20:33:30+08:00,142,14,1,福建,f
你爱我我爱你蜜雪冰城甜蜜蜜ʕっ•ᴥ•ʔつ🍯🍯🍯 南通·平潮镇便民服务中心 ,2025-03-22 20:47:28+08:00,0,0,0,江苏,m
今天开心的三件小事 1.又培养了一个摄影搭子 2.蜜雪冰城小哥送了我一个甜筒 3.足浴的小姐姐说我的胳膊和背一看就是健身的，已经被好几个朋友和师妹说年轻了，问我是不是00后行，被夸美了 无锡·南禅寺 ,2025-03-22 20:46:03+08:00,0,0,0,江苏,f
终于不用喝蜜雪冰城了…… ,2025-03-22 20:45:43+08:00,0,0,0,湖北,m
昨天有条抽奖的微博被夹了，没法抽了。  所以，这里重新做一个抽奖博。  要求改成：①评论；②铁粉。  明晚8点开。  还是蜜雪小甜水，25杯。 ,2025-03-22 20:32:17+08:00,13,35,2,北京,m
蜜雪冰城的香芋味冰淇淋和小时候吃的顶喜香芋大甜筒一个味 ,2025-03-22 20:43:54+08:00,0,0,0,山东,f
#生活手记#最近天气很好 每天下班都可以看到日落 很美 很治愈 公司旁边就是麦当劳 明明是像往常一样回家 今天却很想吃薯条 麦当劳只有薯条是好吃的 但是量也是真的小 去买薯条时候我憋着小便 但还是被路边的小花吸引 它很小 小到我仔细看之前 都没发现它长得这么可爱 今天快乐的事情有很多 （比如我被 ...全文,2025-03-22 20:43:20+08:00,0,0,0,浙江,m
蜜雪家的圣代谁不吃谁后悔我就这么说吧 ,2025-03-22 20:42:56+08:00,0,1,0,河南,f
#一天喝了四杯奶茶#  回到家就只能喝蜜雪 上街随便逛逛买了两杯 临走时回家又买了两杯 现在吃完饭躺床上左手果茶 右手奶茶🧋 蜜雪我对你这么好 你拿什么还 ,2025-03-22 20:42:54+08:00,0,1,0,安徽,f
以前不买蜜雪冰城的，这么一看高低得买一杯,2025-03-22 20:42:38+08:00,0,0,0,上海,f
我这杯冰鲜柠檬水为啥只有2片柠檬啊#蜜雪冰城# ,2025-03-22 20:42:38+08:00,0,0,0,江西,m
蜜雪店里人比平常多，挺好，无耻的媒体开始输了。 ,2025-03-22 20:41:35+08:00,6,0,0,北京,m
蜜雪冰城：抱歉，我有错  网友&amp;顾客：退到我身后去，我来喷死这帮孙子！ ,2025-03-21 20:01:40+08:00,5433,184,153,四川,f
荣耀茶话会  （在隔壁发没有人，不知道这里有没有人）想问问老婆有没有多余的主线通的光夜号，突然想回游了，想看看剧情!请宝宝喝个蜜雪冰城的茉莉奶绿（6r）希望宝宝不介意的话，我可能会一直玩这个号，但是平时很忙，希望是无要求玩这个号，我是安卓的 ,2025-03-22 20:39:37+08:00,1,15,0,广东,f
很明显，那些疯狂撕咬的，就是冲着这个去的呗，要不然就🍋隔夜，至于么,2025-03-22 20:19:39+08:00,407,43,99,北京,m
蜜雪冰城：抱歉，我有错  网友&amp;顾客：退到我身后去，我来喷死这帮孙子！ ,2025-03-21 20:01:40+08:00,5433,184,153,四川,f
荣耀茶话会  （在隔壁发没有人，不知道这里有没有人）想问问老婆有没有多余的主线通的光夜号，突然想回游了，想看看剧情!请宝宝喝个蜜雪冰城的茉莉奶绿（6r）希望宝宝不介意的话，我可能会一直玩这个号，但是平时很忙，希望是无要求玩这个号，我是安卓的 ,2025-03-22 20:39:37+08:00,1,15,0,广东,f
很明显，那些疯狂撕咬的，就是冲着这个去的呗，要不然就🍋隔夜，至于么,2025-03-22 20:19:39+08:00,412,44,99,北京,m
一梦江湖 下午刷到有一位少侠跑了三家蜜雪冰城都没有找到香芋脆皮小圣代，一下子就被狠狠安利了！已尝试，敲好吃！适用于喜欢吃香芋味的少侠 ,2025-03-22 20:39:16+08:00,2,3,0,安徽,f
一下课就是香芋甜筒配KFC 我爱蜜雪冰城的香芋甜筒 不用上课啦 风都是甜的 养成了吃东西前先拍照 ,2025-03-22 20:38:25+08:00,0,0,0,安徽,f
刚路过楼下蜜雪冰城。我妈说装修好喜庆，像搞婚庆活动似的，坐里面像新娘👰。（这回答太出乎我的意料了，就是忘了拍一张） 哈哈哈 ,2025-03-22 20:38:24+08:00,0,0,0,陕西,f
#蜜雪冰城兼职三天喝了两杯奶茶被辞退了# 无论你们怎么麦通稿黑雪王，他都不会塌房，有群众基础在，315到现在这么久了，用315的名恶意抹黑雪王，315没提过半点，你们什么算盘不用说了吧。蜜雪冰城 萌萌哒红色小象的微博视频 ,2025-03-22 10:35:39+08:00,80,17,0,安徽,f
蜜雪冰城这个香芋糯米脆皮圣代好好吃 ,2025-03-22 14:43:20+08:00,107,41,2,辽宁,f
蜜雪冰城给的真的越来越少了膨胀了啊小雪 ,2025-03-22 20:34:13+08:00,0,1,0,海南,f
我靠我真的爱上这个星巴克了，买星巴克总会不自觉地套上其他品牌的杯套，因为害怕我的购买频率让身边的人自卑进而产生距离感。低调一直是我们家的家训，我也十分讨厌让别人产生不适的情绪，所以一直用蜜雪冰城和瑞幸示人。直到有一天同学请大家喝星巴克，其他人都支支吾吾半天不知道该点什么，等到了我 ...全文,2025-03-22 20:32:25+08:00,0,0,0,河南,f
蜜雪冰城这个香芋糯米脆皮圣代好好吃 ,2025-03-22 14:43:20+08:00,107,41,2,辽宁,f
蜜雪冰城给的真的越来越少了膨胀了啊小雪 ,2025-03-22 20:34:13+08:00,0,1,0,海南,f
蜜雪冰城在焦作建了一个占地550亩的产业园区，名字还是很土——”大咖国际茶饮梦工厂”。  在这里，游客可以全程参观”糖奶茶咖果粮料”7大核心品类原料生产过程，可以看到在数字化智能车间里，工业机器人有序工作在产能数万吨的生产线上，质检工作人员“悠闲操作”，对机器的工作成果进行二次人工核验 ...全文,2025-03-22 07:05:16+08:00,140,15,40,上海,m
我靠我真的爱上这个星巴克了，买星巴克总会不自觉地套上其他品牌的杯套，因为害怕我的购买频率让身边的人自卑进而产生距离感。低调一直是我们家的家训，我也十分讨厌让别人产生不适的情绪，所以一直用蜜雪冰城和瑞幸示人。直到有一天同学请大家喝星巴克，其他人都支支吾吾半天不知道该点什么，等到了我 ...全文,2025-03-22 20:32:25+08:00,0,0,0,河南,f
回国要尽快做的事： 1，看哪吒2 2，给全家人买蜜雪冰城，然后艾特北京日报。 ,2025-03-22 18:43:31+08:00,46,11,1,上海,m
315我爱你#蜜雪冰城#315晚会#315曝光名单#食品安全#苏菲发声明 娱兮娱兮奈我何的微博视频 ,2025-03-22 20:32:14+08:00,2,0,0,江苏,f
古茗的袋子，沪上阿姨的被套和小料（杯子被店员换掉了），蜜雪冰城的奶茶，哈哈哈哈哈我这拼多多的人生 ,2025-03-22 20:32:07+08:00,0,0,0,贵州,f
对不起了李哥 我睡眠不好买不了霸王茶姬 请你下次喝喜茶或者COCO 喝蜜雪冰城柠檬水也行我买得起 #李胜利现身杭州# ,2025-03-22 20:32:00+08:00,1,0,0,山东,f
没事干，想着去蜜雪冰城兼职，结果两天半的时间自己做了两杯奶茶喝，被同事打小报告了，然后就被店长找了个理由辞退了 ,2025-03-22 20:21:58+08:00,22,6,0,山东,f
没有喝过蜜雪冰城，咨询小猫。 答：当然是一分钱一分货。可是这么便宜，你还要什么自行车？ 明白。  为了跟上潮流，最近买过茉莉茶，柠檬茶。 拎着柠檬茶进会议室的时候，95后同事恐吓我：风口浪尖上了，你还喝啊！ 我：必须滴。九折，3块6。 她嘻嘻笑：味道还不错哦。#蜜雪冰城#   核 ...全文,2025-03-22 20:31:08+08:00,1,2,0,江苏,f
可以换一种说法，然后代入一下。比如人人都喝得起蜜雪冰城，比如人人都喝得起星巴克。按余承东的说法，就是人人喝得起星巴克。但实际呢，还有一大部分人，星巴克的价格是不符合他们的消费观的。当然，我就是他们之一，我喝速溶的。,2025-03-22 20:29:08+08:00,0,0,0,福建,m
蜜雪冰城如果你敢下架香芋脆皮圣代糯米滋版 我就骂你一辈子 ,2025-03-22 20:28:56+08:00,0,0,0,河南,f
今天的坏心情是蜜雪冰城给的 So？我有点百香果吗？我的山楂莓莓去哪儿了？我请问呢？态度不好就算了 315也没跟你计较 自提当着我的面装都能给我装错 还漏装了 ,2025-03-22 20:28:46+08:00,0,2,0,浙江,f
啊啊啊啊啊误食了蜜雪冰城奥利奥圣代 ,2025-03-22 17:17:19+08:00,29,11,0,北京,f
溜着溜着突然想喝蜜雪冰城的满杯百香果，这肥减不了一点服了 ,2025-03-22 20:26:31+08:00,0,0,0,河北,f
妈妈给我带的甜瓜和西红柿还有煮的栗子，蹭的lyh她对象给她买的奶皮子和手抓饼哈哈哈（其实是今天下午骗我给她对象俩买的蜜雪冰城…然后给我买的奶皮子和饼） ,2025-03-22 20:26:00+08:00,0,0,0,山东,f
蜜雪冰城最不该把那个喝起来臭臭的绿茶下架了 ,2025-03-22 20:25:54+08:00,0,0,0,河南,f
我，想点一杯网上说的四块钱一杯有真柠檬片的柠檬水。  店员，其他地区四块，上海五块，就是菜单上的“冰鲜柠檬水”  我，好的好的，就点一杯这个，少冰少糖。 然后用了碰一碰支付，两元优惠立减，最后实际付款三元。  人生第一杯蜜雪冰城，心里默念“为了让柠檬片不隔夜，而点单” ...全文,2025-03-22 20:24:56+08:00,0,0,0,上海,f
那妳告诉我，我用AI创作的歌曲版权归谁？归AI吗？可是我已经付费使用AI了，相当于获得了使用AI创作的权限，在AI创作的基础上，我还可以继续二创，三创，四创....那你说说，我有没有这首歌的版权？其实一谈论到『版权』这两个字，无非就是在谈论『名利』。我说过，知识产权固然重要，但要用对地方 ...全文,2025-03-22 20:24:25+08:00,0,0,0,重庆,f
今天的坏心情是蜜雪冰城给的 So？我有点百香果吗？我的山楂莓莓去哪儿了？我请问呢？态度不好就算了 315也没跟你计较 自提当着我的面装都能给我装错 还漏装了 ,2025-03-22 20:28:46+08:00,0,2,0,浙江,f
啊啊啊啊啊误食了蜜雪冰城奥利奥圣代 ,2025-03-22 17:17:19+08:00,29,11,0,北京,f
溜着溜着突然想喝蜜雪冰城的满杯百香果，这肥减不了一点服了 ,2025-03-22 20:26:31+08:00,0,0,0,河北,f
妈妈给我带的甜瓜和西红柿还有煮的栗子，蹭的lyh她对象给她买的奶皮子和手抓饼哈哈哈（其实是今天下午骗我给她对象俩买的蜜雪冰城…然后给我买的奶皮子和饼） ,2025-03-22 20:26:00+08:00,0,0,0,山东,f
蜜雪冰城最不该把那个喝起来臭臭的绿茶下架了 ,2025-03-22 20:25:54+08:00,0,0,0,河南,f
我，想点一杯网上说的四块钱一杯有真柠檬片的柠檬水。  店员，其他地区四块，上海五块，就是菜单上的“冰鲜柠檬水”  我，好的好的，就点一杯这个，少冰少糖。 然后用了碰一碰支付，两元优惠立减，最后实际付款三元。  人生第一杯蜜雪冰城，心里默念“为了让柠檬片不隔夜，而点单” ...全文,2025-03-22 20:24:56+08:00,0,0,0,上海,f
那妳告诉我，我用AI创作的歌曲版权归谁？归AI吗？可是我已经付费使用AI了，相当于获得了使用AI创作的权限，在AI创作的基础上，我还可以继续二创，三创，四创....那你说说，我有没有这首歌的版权？其实一谈论到『版权』这两个字，无非就是在谈论『名利』。我说过，知识产权固然重要，但要用对地方 ...全文,2025-03-22 20:24:25+08:00,0,0,0,重庆,f
蜜雪冰城在我心里塌房了 ,2025-03-22 20:22:42+08:00,0,1,0,山东,m
蜜雪冰城还是一如既往的火爆 ,2025-03-22 20:21:51+08:00,0,1,0,浙江,f
幸福多少钱 超过四块钱的话我就要买蜜雪冰城了 ,2025-03-22 11:10:22+08:00,74,10,4,浙江,f
点个蜜雪冰城都要领券的一群人抵制上高珠了 ,2025-03-22 20:20:03+08:00,7,0,1,浙江,f
#315晚会# 可笑吗 蜜雪冰城被调查的时候我有多慌张 ,2025-03-22 20:19:42+08:00,0,0,0,广西,f
雪王高能量去桃园的一天🍑这桃子看着真好吃 #蜜雪冰城溯源# #蜜桃四季春# 蜜雪冰城 蜜雪冰城的微博视频 ,2025-03-22 18:00:01+08:00,57,20,4,河南,m
蜜雪冰城(旗舰店版) ,2025-03-22 20:18:45+08:00,0,2,0,山东,f
是不是因为西江千户苗寨房租成本太高了？可是没有客流的店好多啊，店员的目光都是呆滞和死气沉沉的。而且我的想法真的能代表大家吗？虽然游客很多，但是愿意花钱去做全身精油或者泰式按摩的有多少人，大家会买杯10元的蜜雪冰城，但也许不会花二线城市的正常价格去做全身按摩。这里就要考验广告学和心理 ...全文,2025-03-22 20:18:43+08:00,0,0,0,贵州,m
上一个中储粮，这次蜜雪冰城…,2025-03-22 20:18:25+08:00,0,0,0,河南,m
你爱我，我爱你，蜜雪冰城甜蜜蜜～ ,2025-03-22 20:18:09+08:00,0,0,0,浙江,f
一个偏远的商场，蜜雪冰城五个人都搞不赢 等十分钟了 ,2025-03-22 20:16:24+08:00,0,0,0,重庆,f
路过蜜雪冰城 消费一笔 ,2025-03-22 18:28:53+08:00,50,15,0,浙江,f
蜜雪冰城做得很好… 但其他怎么没… ,2025-03-21 23:09:31+08:00,5843,237,112,北京,f
蜜雪冰城改成24小时营业，315之后就有护短学生提出这个建议，没想到蜜雪冰城真采纳，现在没有隔夜柠檬了，只有熬夜的柠檬。  #蜜雪冰城被曝黑料网友凭啥护短##蜜雪冰城改24小时营业# ,2025-03-18 16:19:38+08:00,1383,57,27,湖北,m
雪王高能量去桃园的一天🍑这桃子看着真好吃 #蜜雪冰城溯源# #蜜桃四季春# 蜜雪冰城 蜜雪冰城的微博视频 ,2025-03-22 18:00:01+08:00,57,20,4,河南,m
你们说， 蜜雪冰城被媒体咬住不放， 会不会是因为…… ,2025-03-22 07:20:51+08:00,1661,94,384,上海,m
蜜雪冰城：抱歉，我有错  网友&amp;顾客：退到我身后去，我来喷死这帮孙子！ ,2025-03-21 20:01:40+08:00,5442,185,153,四川,f
什么叫良心？ 泰山顶上一瓶矿泉水都4块的时候， 蜜雪冰城冰鲜柠檬水才5块 ,2025-03-21 18:55:39+08:00,1531,83,37,广东,m
蜜雪冰城兼职三天喝了两杯奶茶被辞退了 ,2025-03-22 01:18:31+08:00,1196,43,110,湖南,m
#蜜雪冰城兼职三天喝了两杯奶茶被辞退了# 现在店租太贵了，蜜雪冰城也不赚钱。我总说雪王日薪只有100，时薪才8块钱，还不包吃住；远不如去深圳进富士康，包吃住，时薪20多。很多人在评论区骂我，不信，那看看这个热搜吧。  当然，低时薪，低生育率，确实不能怪雪王，底商太少，店租太贵了！一起呼吁增 ...全文,2025-03-22 10:25:34+08:00,4,3,1,北京,m
蜜雪冰城被曝用隔夜柠檬？网友却都集体护犊子？ 报姐的微博视频 ,2025-03-21 17:26:22+08:00,32,2,5,山东,f
【浙江宣传：#蜜雪冰城为什么会被共情#】浙江宣传发布文章，谈#蜜雪冰城应该被共情吗#？有媒体在“3·15特别报道”中曝光，湖北宜昌一家蜜雪冰城门店存在使用隔夜食材和后厨卫生等问题。可令人意外的是，与近期的黄焖鸡回收剩菜、“保水虾仁”、翻新卫生巾等问题相比，消费者却对蜜雪冰城展现出了 ...全文,2025-03-21 09:52:56+08:00,290,37,110,,m
live~ life~ 爸爸削的猕猴桃 翘边的头发 好吃的鱼粉 一个人三杯的蜜雪冰城爽 夕阳下的爸爸妈妈 妈妈的草莓蛋糕 超级好看的生日礼物包包和耳钉(已想好怎么搭配版  酒店放的金榜题名祝福(真有心喜欢！ 秀美甲(其实是不舍得洗脸妆太好看想自拍 好吃的淀粉肠学校门口的既加辣椒酱又加番茄酱的最好吃！ 我的 ...全文,2025-03-22 20:57:23+08:00,0,0,0,江西,f
感觉被这个世界绑架了 水溶C为什么要五块钱一瓶 我为什么不去买蜜雪冰城 ,2025-03-22 20:56:13+08:00,0,0,0,湖北,f
周末了，话说你们觉得现在的工作咋样？ 评论抽2个粉丝喝蜜雪冰城~ 大家都好好休息休息吧~ ,2025-03-21 22:50:06+08:00,68,125,8,上海,m
蜜雪冰城凭什么上了香芋味雪糕就没有原味了 气死我了还我原味 ,2025-03-22 20:54:48+08:00,1,2,0,广东,m
今晚庄寒雁真的好给力，真想带大家揭竿而起了呀，她拿着那个烛台的样子，还真的很像蜜雪冰城 ,2025-03-22 20:33:30+08:00,189,20,1,福建,f
#生活手记# 雪王小圣代（草莓味） ,2025-03-22 20:53:05+08:00,1,0,0,山西,f
果然有瑞幸的地方必有蜜雪 ,2025-03-22 20:51:57+08:00,0,1,0,江苏,f
恭喜这几位中了蜜雪冰城的朋友 ,2025-03-22 20:50:51+08:00,14,5,0,福建,f
全款拿下两杯蜜雪 ,2025-03-22 20:48:55+08:00,0,0,0,河南,f
我也是终于吃上了蜜雪冰城这个紫色甜筒尊嘟超好吃 ,2025-03-22 20:48:37+08:00,1,0,0,甘肃,m
我也是终于吃上了蜜雪冰城这个紫色甜筒尊嘟超好吃 ,2025-03-22 20:48:37+08:00,1,1,0,甘肃,m
一下午拍的密密麻麻密密麻麻，回去慢慢选 路口全是格格还有格格骑自行车🚲 没啥合影还衣服前恰一张 蜜雪冰城人多的要打起来了 铜锅好吃！ ,2025-03-22 20:48:25+08:00,0,0,0,北京,f
你爱我我爱你蜜雪冰城甜蜜蜜ʕっ•ᴥ•ʔつ🍯🍯🍯 南通·平潮镇便民服务中心 ,2025-03-22 20:47:28+08:00,0,0,0,江苏,m
今天开心的三件小事 1.又培养了一个摄影搭子 2.蜜雪冰城小哥送了我一个甜筒 3.足浴的小姐姐说我的胳膊和背一看就是健身的，已经被好几个朋友和师妹说年轻了，问我是不是00后行，被夸美了 无锡·南禅寺 ,2025-03-22 20:46:03+08:00,0,0,0,江苏,f
终于不用喝蜜雪冰城了…… ,2025-03-22 20:45:43+08:00,0,0,0,湖北,m
昨天有条抽奖的微博被夹了，没法抽了。  所以，这里重新做一个抽奖博。  要求改成：①评论；②铁粉。  明晚8点开。  还是蜜雪小甜水，25杯。 ,2025-03-22 20:32:17+08:00,16,40,3,北京,m
你们说， 蜜雪冰城被媒体咬住不放， 会不会是因为…… ,2025-03-22 07:20:51+08:00,1665,94,386,上海,m
#春天是冰淇淋的季节# #蜜雪冰城香芋# 蜜雪冰城,2025-03-22 20:44:50+08:00,0,0,0,山东,f
蜜雪冰城故意跳单是啥意思？ ,2025-03-22 20:44:25+08:00,0,1,0,浙江,m
有人硬要🈷️一下我吗 我想🈷️点人 心肝在置顶 这个入要🈷️@桃浦椰酥饼干  她也要@年年叙ayy_   带这群入兜风一下@荆烧貓少 @年年叙ayy_ @祺什么尼 @面包起司狗 @要走出小胡同@耶耶乐了 @缺点维生鼠_  @油饼就吃 @一口吞掉糯米饭  🧱抽一个蜜雪冰城香芋冰淇淋 ,2025-03-22 20:17:52+08:00,12,69,30,湖南,f
蜜雪家的圣代谁不吃谁后悔我就这么说吧 ,2025-03-22 20:42:56+08:00,0,1,0,河南,f
#一天喝了四杯奶茶#  回到家就只能喝蜜雪 上街随便逛逛买了两杯 临走时回家又买了两杯 现在吃完饭躺床上左手果茶 右手奶茶🧋 蜜雪我对你这么好 你拿什么还 ,2025-03-22 20:42:54+08:00,0,1,0,安徽,f
以前不买蜜雪冰城的，这么一看高低得买一杯,2025-03-22 20:42:38+08:00,0,0,0,上海,f
我这杯冰鲜柠檬水为啥只有2片柠檬啊#蜜雪冰城# ,2025-03-22 20:42:38+08:00,0,0,0,江西,m
蜜雪店里人比平常多，挺好，无耻的媒体开始输了。 ,2025-03-22 20:41:35+08:00,9,1,0,北京,m
蜜雪冰城：抱歉，我有错  网友&amp;顾客：退到我身后去，我来喷死这帮孙子！ ,2025-03-21 20:01:40+08:00,5446,185,153,四川,f
很明显，那些疯狂撕咬的，就是冲着这个去的呗，要不然就🍋隔夜，至于么,2025-03-22 20:19:39+08:00,447,47,105,北京,m
一梦江湖 下午刷到有一位少侠跑了三家蜜雪冰城都没有找到香芋脆皮小圣代，一下子就被狠狠安利了！已尝试，敲好吃！适用于喜欢吃香芋味的少侠 ,2025-03-22 20:39:16+08:00,2,3,0,安徽,f
一下课就是香芋甜筒配KFC 我爱蜜雪冰城的香芋甜筒 不用上课啦 风都是甜的 养成了吃东西前先拍照 ,2025-03-22 20:38:25+08:00,0,0,0,安徽,f
刚路过楼下蜜雪冰城。我妈说装修好喜庆，像搞婚庆活动似的，坐里面像新娘👰。（这回答太出乎我的意料了，就是忘了拍一张） 哈哈哈 ,2025-03-22 20:38:24+08:00,0,0,0,陕西,f
一梦江湖 下午刷到有一位少侠跑了三家蜜雪冰城都没有找到香芋脆皮小圣代，一下子就被狠狠安利了！已尝试，敲好吃！适用于喜欢吃香芋味的少侠 ,2025-03-22 20:39:16+08:00,2,3,0,安徽,f
一下课就是香芋甜筒配KFC 我爱蜜雪冰城的香芋甜筒 不用上课啦 风都是甜的 养成了吃东西前先拍照 ,2025-03-22 20:38:25+08:00,0,0,0,安徽,f
刚路过楼下蜜雪冰城。我妈说装修好喜庆，像搞婚庆活动似的，坐里面像新娘👰。（这回答太出乎我的意料了，就是忘了拍一张） 哈哈哈 ,2025-03-22 20:38:24+08:00,0,0,0,陕西,f
#蜜雪冰城兼职三天喝了两杯奶茶被辞退了# 无论你们怎么麦通稿黑雪王，他都不会塌房，有群众基础在，315到现在这么久了，用315的名恶意抹黑雪王，315没提过半点，你们什么算盘不用说了吧。蜜雪冰城 萌萌哒红色小象的微博视频 ,2025-03-22 10:35:39+08:00,81,17,0,安徽,f
被cctv 315晚会安利成功了蜜雪冰城！好喝的！ ,2025-03-22 20:36:57+08:00,0,0,0,浙江,f
蜜雪冰城这个香芋糯米脆皮圣代好好吃 ,2025-03-22 14:43:20+08:00,108,41,2,辽宁,f
#蜜雪冰城# 为什么最近这店哪哪都爆单 LJBLJBLJBLJBLJBLJB的微博视频 ,2025-03-22 20:35:54+08:00,0,0,0,广东,f
蜜雪冰城给的真的越来越少了膨胀了啊小雪 ,2025-03-22 20:34:13+08:00,0,1,0,海南,f
蜜雪冰城在焦作建了一个占地550亩的产业园区，名字还是很土——”大咖国际茶饮梦工厂”。  在这里，游客可以全程参观”糖奶茶咖果粮料”7大核心品类原料生产过程，可以看到在数字化智能车间里，工业机器人有序工作在产能数万吨的生产线上，质检工作人员“悠闲操作”，对机器的工作成果进行二次人工核验 ...全文,2025-03-22 07:05:16+08:00,143,15,40,上海,m
回国要尽快做的事： 1，看哪吒2 2，给全家人买蜜雪冰城，然后艾特北京日报。 ,2025-03-22 18:43:31+08:00,47,11,1,上海,m
没事干，想着去蜜雪冰城兼职，结果两天半的时间自己做了两杯奶茶喝，被同事打小报告了，然后就被店长找了个理由辞退了 ,2025-03-22 20:21:58+08:00,23,6,0,山东,f
没有喝过蜜雪冰城，咨询小猫。 答：当然是一分钱一分货。可是这么便宜，你还要什么自行车？ 明白。  为了跟上潮流，最近买过茉莉茶，柠檬茶。 拎着柠檬茶进会议室的时候，95后同事恐吓我：风口浪尖上了，你还喝啊！ 我：必须滴。九折，3块6。 她嘻嘻笑：味道还不错哦。#蜜雪冰城#   核 ...全文,2025-03-22 20:31:08+08:00,1,2,0,江苏,f
#蜜雪冰城# 好喝，我不是人机，我不是人机，求官方不要再把我当人机了 ,2025-03-22 20:30:47+08:00,0,0,0,山东,f
每次点蜜雪冰城的摇摇奶昔一杯都不够喝，今天我一起点了两杯，喝完有些撑。 ,2025-03-22 20:30:34+08:00,0,0,0,河北,f
跟小张讲要控制体重，默默看了一眼手机里蜜雪的订单，以前真的从来没喝过，现在是只喝蜜雪 ,2025-03-22 20:30:32+08:00,0,0,0,江西,f
上次炫了三个麦当劳甜筒 这次开了三个蜜雪冰城 ,2025-03-22 20:30:02+08:00,2,2,0,上海,f
蜜雪冰城真牛逼，从早到晚都这么多人 ,2025-03-22 20:29:37+08:00,0,0,0,河北,f
蜜雪冰城如果你敢下架香芋脆皮圣代糯米滋版 我就骂你一辈子 ,2025-03-22 20:28:56+08:00,0,0,0,河南,f
今天的坏心情是蜜雪冰城给的 So？我有点百香果吗？我的山楂莓莓去哪儿了？我请问呢？态度不好就算了 315也没跟你计较 自提当着我的面装都能给我装错 还漏装了 ,2025-03-22 20:28:46+08:00,0,2,0,浙江,f
啊啊啊啊啊误食了蜜雪冰城奥利奥圣代 ,2025-03-22 17:17:19+08:00,29,11,0,北京,f
蜜雪冰城如果你敢下架香芋脆皮圣代糯米滋版 我就骂你一辈子 ,2025-03-22 20:28:56+08:00,0,0,0,河南,f
今天的坏心情是蜜雪冰城给的 So？我有点百香果吗？我的山楂莓莓去哪儿了？我请问呢？态度不好就算了 315也没跟你计较 自提当着我的面装都能给我装错 还漏装了 ,2025-03-22 20:28:46+08:00,0,2,0,浙江,f
啊啊啊啊啊误食了蜜雪冰城奥利奥圣代 ,2025-03-22 17:17:19+08:00,29,11,0,北京,f
溜着溜着突然想喝蜜雪冰城的满杯百香果，这肥减不了一点服了 ,2025-03-22 20:26:31+08:00,0,0,0,河北,f
妈妈给我带的甜瓜和西红柿还有煮的栗子，蹭的lyh她对象给她买的奶皮子和手抓饼哈哈哈（其实是今天下午骗我给她对象俩买的蜜雪冰城…然后给我买的奶皮子和饼） ,2025-03-22 20:26:00+08:00,0,0,0,山东,f
蜜雪冰城最不该把那个喝起来臭臭的绿茶下架了 ,2025-03-22 20:25:54+08:00,0,0,0,河南,f
我，想点一杯网上说的四块钱一杯有真柠檬片的柠檬水。  店员，其他地区四块，上海五块，就是菜单上的“冰鲜柠檬水”  我，好的好的，就点一杯这个，少冰少糖。 然后用了碰一碰支付，两元优惠立减，最后实际付款三元。  人生第一杯蜜雪冰城，心里默念“为了让柠檬片不隔夜，而点单” ...全文,2025-03-22 20:24:56+08:00,0,0,0,上海,f
那妳告诉我，我用AI创作的歌曲版权归谁？归AI吗？可是我已经付费使用AI了，相当于获得了使用AI创作的权限，在AI创作的基础上，我还可以继续二创，三创，四创....那你说说，我有没有这首歌的版权？其实一谈论到『版权』这两个字，无非就是在谈论『名利』。我说过，知识产权固然重要，但要用对地方 ...全文,2025-03-22 20:24:25+08:00,0,0,0,重庆,f
蜜雪冰城在我心里塌房了 ,2025-03-22 20:22:42+08:00,0,1,0,山东,m
蜜雪冰城还是一如既往的火爆 ,2025-03-22 20:21:51+08:00,0,1,0,浙江,f
幸福多少钱 超过四块钱的话我就要买蜜雪冰城了 ,2025-03-22 11:10:22+08:00,74,10,4,浙江,f
点个蜜雪冰城都要领券的一群人抵制上高珠了 ,2025-03-22 20:20:03+08:00,7,0,1,浙江,f
#315晚会# 可笑吗 蜜雪冰城被调查的时候我有多慌张 ,2025-03-22 20:19:42+08:00,0,0,0,广西,f
雪王高能量去桃园的一天🍑这桃子看着真好吃 #蜜雪冰城溯源# #蜜桃四季春# 蜜雪冰城 蜜雪冰城的微博视频 ,2025-03-22 18:00:01+08:00,57,20,4,河南,m
蜜雪冰城(旗舰店版) ,2025-03-22 20:18:45+08:00,0,2,0,山东,f
是不是因为西江千户苗寨房租成本太高了？可是没有客流的店好多啊，店员的目光都是呆滞和死气沉沉的。而且我的想法真的能代表大家吗？虽然游客很多，但是愿意花钱去做全身精油或者泰式按摩的有多少人，大家会买杯10元的蜜雪冰城，但也许不会花二线城市的正常价格去做全身按摩。这里就要考验广告学和心理 ...全文,2025-03-22 20:18:43+08:00,0,0,0,贵州,m
你爱我，我爱你，蜜雪冰城甜蜜蜜～ ,2025-03-22 20:18:09+08:00,0,0,0,浙江,f
一个偏远的商场，蜜雪冰城五个人都搞不赢 等十分钟了 ,2025-03-22 20:16:24+08:00,0,0,0,重庆,f
路过蜜雪冰城 消费一笔 ,2025-03-22 18:28:53+08:00,52,15,0,浙江,f
央视315晚会每年只有一次，却将宝贵的打假资源消耗在不痛不痒的蜜雪冰城身上，而不去关注更能震撼灵魂的食品安全问题。于是，全国大中小城市的蜜雪冰城们，店里人群仍然络绎不绝，对选择性打假发出了无声的抗议。权威又一次沦陷。#德叔说# ,2025-03-22 20:15:39+08:00,7,4,1,广东,m
最近这几天，天气都很好～ 今天出门买个椰子喝，最近超爱喝椰子！！ 傍晚时又骑车出去溜达一圈，去蜜雪冰城买了个喝的，又一口气炫完了 晚上去朋友家蹭饭！昨天就把菜单点好了！！ 我说好吃泡椒牛蛙和醉大号罗氏虾 好吃！！真的好吃！ 两大盘牛蛙，还说留一盘给我打包走，我说 ...全文,2025-03-22 20:14:51+08:00,0,0,0,上海,f
中！喝蜜雪冰城去 ,2025-03-22 20:14:42+08:00,7,3,0,福建,m
必须支持一下隔夜柠檬了#蜜雪冰城# ,2025-03-22 20:14:20+08:00,4,3,0,安徽,m
为什么pen给蜜雪冰城主题曲编舞了啊啊啊啊啊啊 ,2025-03-22 20:13:48+08:00,0,0,0,广东,f
荣耀茶话会  蜜雪冰城绿豆和葡萄的冰激凌好好吃，尤其是绿豆的和绿色心情味道好像 ,2025-03-22 20:12:25+08:00,1,11,0,山东,f
发布了头条文章：《“因祸得福”的蜜雪冰城》#蜜雪冰城##315名单##思想者互动#  “因祸得福”的蜜雪冰城 ,2025-03-22 13:40:11+08:00,41,120,2,江苏,m
王源 wy联合国儿童基金会wy王源18岁成人礼  周末愉快哥哥我想你了我今天喝了蜜雪冰城睋 @TFBOYS-王源 ,2025-03-22 20:10:53+08:00,0,0,0,四川,f
王源 wy联合国儿童基金会wy王源18岁成人礼  周末愉快哥哥我想你了我今天喝了蜜雪冰城睋 @TFBOYS-王源 ,2025-03-22 20:10:53+08:00,0,0,0,四川,f
我不要成为谁生命中的一点点，我要成为蜜雪冰城#帅哥# 玻捱的微博视频 ,2025-03-22 20:10:39+08:00,0,0,0,辽宁,f
蜜雪冰城香芋冰淇淋怎么这么好吃啊 ,2025-03-22 20:09:48+08:00,1,0,0,浙江,f
蜜雪冰城咖啡真便宜啊，值回本的快乐， ,2025-03-22 20:09:25+08:00,0,0,0,重庆,m
蜜雪冰城用隔夜柠檬，依然被原谅和喜爱。就是因为足够便宜。这就是你为啥没被开除的原因，也是大部分人的核心竞争力，不管职场还是感情，你只有够便宜，才有竞争力。 ,2025-03-22 20:09:08+08:00,11,0,5,广东,m
#蜜雪冰城为什么会被共情#啥也不说了，点一杯支持下！顺便说一句，过去雪王是没有无糖选项的，现在很多都有了。主打一个接地气，听劝！ ,2025-03-21 22:38:27+08:00,16,0,1,浙江,f
好天气赶紧出去溜娃～遛自己～ 今天喝了不好喝的手冲～ 吃了好吃的日料～ 还吃了一个让我堵奶的烧饼包油条 蜜雪冰城的香芋冰淇淋真的好好吃！ ,2025-03-22 20:08:24+08:00,1,0,0,浙江,f
接到一个女生的电话，竟然是外卖小哥把我的外卖和她的送反了还好蜜雪冰城放的冰块多，换回来的时候冰淇淋还好好的。 把奥利奥碎和珍珠小料混合了，黑乎乎的一坨挺好吃的 ,2025-03-22 20:07:19+08:00,1,4,0,北京,f
带着我的蜜雪冰城进城了 上海·东华大学 ,2025-03-22 20:06:55+08:00,1,3,0,江苏,f
再蜜雪冰城一点吧 再香芋脆皮圣代一点吧 ,2025-03-22 20:06:23+08:00,10,17,0,辽宁,f
蜜雪冰城用隔夜柠檬，依然被原谅和喜爱。就是因为足够便宜。这就是你为啥没被开除的原因，也是大部分人的核心竞争力，不管职场还是感情，你只有够便宜，才有竞争力。 ,2025-03-22 20:09:08+08:00,11,0,5,广东,m
#蜜雪冰城为什么会被共情#啥也不说了，点一杯支持下！顺便说一句，过去雪王是没有无糖选项的，现在很多都有了。主打一个接地气，听劝！ ,2025-03-21 22:38:27+08:00,16,0,1,浙江,f
好天气赶紧出去溜娃～遛自己～ 今天喝了不好喝的手冲～ 吃了好吃的日料～ 还吃了一个让我堵奶的烧饼包油条 蜜雪冰城的香芋冰淇淋真的好好吃！ ,2025-03-22 20:08:24+08:00,1,0,0,浙江,f
p1:打麻将可真太快乐了 连胡好多把 在雍和宫许的暴富调剂到麻将桌上了 p2:烤鱼一般 薯条和凉菜好吃😋 p3:心情不好突然很想吃甜的 p4:被朋友安利了蜜雪冰城新出的圣代 好吃！ p5:这是我的黑胶相纸number 1 p6:学校门口的饭馆 还可以 除了不喜欢吃生的 p7&amp;p8:南山街Citywalk 下午茶☕️ p9:目前是 ...全文,2025-03-22 20:04:34+08:00,0,0,0,辽宁,f
经营蜜雪冰城的蜜雪集团公开招股书里有些比较有意思的数据想和大家分享一下。  2024年前3季度，蜜雪冰城营业收入187亿元，毛利60亿（毛利率32.4%），净利润高达35亿元。  现金流方面，2024年前3季度经营活动所得现金流量净额是51亿元，同时账上还拥有接近60亿的现金和现金等价物。  门店方面，平均单店 ...全文,2025-03-19 19:50:42+08:00,1557,37,107,中国香港,m
就是说呜呜给我相信的底气啊 他一直以来从始至终都做的很好啊 他就是很有分寸感的乖小孩  现已经开蜜雪冰城了 ,2025-03-22 14:57:49+08:00,109,20,0,福建,f
中国已经很久没有这样的邪教了 ,2025-03-17 22:47:03+08:00,16692,1239,167,上海,m
Giselle#GISELLE SENKA全球品牌代言人##GISELLE killing part创造者##GISELLE唯一主rapper#我被新鲜出炉的梨酱辣的痛哭流涕捶胸顿挫爆哭如雷眼泪从嘴角流下来连多冰的蜜雪冰城柠檬水都无法缓解我内心想要嫁给𝐆𝐈𝐒𝐄𝐋𝐋𝐄的燥热冲动🔥🔥㊙️🆘‼️ ,2025-03-22 19:46:06+08:00,1,0,0,福建,f
【#蜜雪冰城加盟店老板猥亵女员工被行拘3日#，总部称在协调】3月22日，河南郑州。蜜雪冰城员工张女士向媒体报料称，蜜雪冰城(郑州永威书香庭店)老板朱某喊自己去仓库盘点，去了之后却遭到老板猥亵，遭到他强行拉扯搂抱，当时很害怕，然后就挣脱跑出来，随后立刻报警。警方随后介入立案调查。#蜜雪冰城# ...全文,2025-03-22 19:34:12+08:00,0,0,0,,m
【#蜜雪冰城女店员遭男老板猥亵# 警方立案调查男老板被行拘三日】#蜜雪加盟店老板猥亵女员工被行拘# 3月22日，河南郑州。蜜雪冰城员工张女士向《正在新闻》报料称，蜜雪冰城(郑州永威书香庭店)老板朱某喊自己去仓库盘点，去了之后却遭到老板猥亵，他强行拉扯搂抱我，当时害怕极了，然后就挣脱跑出来， ...全文,2025-03-22 19:30:02+08:00,2,1,1,北京,m
蜜雪冰城做得很好… 但其他怎么没… ,2025-03-21 23:09:31+08:00,5860,237,112,北京,f
蜜雪冰城改成24小时营业，315之后就有护短学生提出这个建议，没想到蜜雪冰城真采纳，现在没有隔夜柠檬了，只有熬夜的柠檬。  #蜜雪冰城被曝黑料网友凭啥护短##蜜雪冰城改24小时营业# ,2025-03-18 16:19:38+08:00,1383,57,27,湖北,m
蜜雪冰城这个香芋糯米脆皮圣代好好吃 ,2025-03-22 14:43:20+08:00,109,41,2,辽宁,f
雪王高能量去桃园的一天🍑这桃子看着真好吃 #蜜雪冰城溯源# #蜜桃四季春# 蜜雪冰城 蜜雪冰城的微博视频 ,2025-03-22 18:00:01+08:00,59,20,4,河南,m
#蜜雪冰城兼职三天喝了两杯奶茶被辞退了# 无论你们怎么麦通稿黑雪王，他都不会塌房，有群众基础在，315到现在这么久了，用315的名恶意抹黑雪王，315没提过半点，你们什么算盘不用说了吧。蜜雪冰城 萌萌哒红色小象的微博视频 ,2025-03-22 10:35:39+08:00,81,17,0,安徽,f
蜜雪冰城门店8代设计 ,2025-03-22 12:00:00+08:00,13,0,2,黑龙江,m
发布了头条文章：《“因祸得福”的蜜雪冰城》#蜜雪冰城##315名单##思想者互动#  “因祸得福”的蜜雪冰城 ,2025-03-22 13:40:11+08:00,41,123,2,江苏,m
谁还没吃过蜜雪冰城超大的抹茶冰淇淋…让你好朋友买给你吃 春春怎么啦的微博视频 ,2025-03-22 12:00:07+08:00,66,35,0,辽宁,f
你们说， 蜜雪冰城被媒体咬住不放， 会不会是因为…… ,2025-03-22 07:20:51+08:00,1741,97,410,上海,m
路过蜜雪冰城 消费一笔 ,2025-03-22 18:28:53+08:00,53,15,0,浙江,f
为什么上海开不起来蜜雪冰城 ,2025-03-21 22:40:52+08:00,26,39,0,广东,f
哈！张雪峰的金身又添一分！我妈刚喊我不要喝蜜雪冰城了，不好？我说咋不好？说315晚会都演了，不好。我说咋不好啊？就是不好！反复好几次，我妈生气了，说人家都说不好，你听着就是了，还问咋不好？对啊！媒体们多强啊，315晚会上蜜雪冰城的字都没有，就是连着造势，不知道的人都信，说雪王不好，可雪 ...全文,2025-03-22 21:08:37+08:00,0,0,0,山东,f
#蜜雪冰城山楂莓莓#踩雷，便宜但难喝 ,2025-03-22 21:08:35+08:00,0,0,0,上海,f
今晚庄寒雁真的好给力，真想带大家揭竿而起了呀，她拿着那个烛台的样子，还真的很像蜜雪冰城 ,2025-03-22 20:33:30+08:00,247,22,4,福建,f
•今天又跟dream吃甜筒 去买的时候店员说香草的好硬挖不动，叫我们要不去隔壁蜜雪冰城买吧 •很久没喝可乐了 决定放弃抵抗 •陶艺课 第一次觉得自己小有天赋型选手 •别人陶泥斯斯文文一小块 我们简单粗暴粗鲁的二十斤 ,2025-03-22 21:08:06+08:00,0,0,0,广东,f
蜜雪，好！@金规泙 ,2025-03-22 21:07:28+08:00,0,0,0,福建,m
我有一杯喝了一半的蜜雪冰城在班里，我现在要回班去拿了 ,2025-03-22 21:07:21+08:00,0,0,0,河南,f
很明显，那些疯狂撕咬的，就是冲着这个去的呗，要不然就🍋隔夜，至于么,2025-03-22 20:19:39+08:00,474,53,115,北京,m
工资一降再降… 消费水平也一降再降… 之前说睫毛膏从几百用到几十 现在 饮料从蜜雪冰城都换成吕小哥了…  工资再降一降 饮料不喝了 妆也不化了 不消费了 消费不起了   我：“这个月钱花的太极限了…” 妈：“没到月底钱不够花了？” ,2025-03-22 21:04:04+08:00,0,0,0,河南,f
不要不开心了 等我有钱了把账还完了 熬过这阵子了 没压力了 手上有存款了 就给你买杯蜜雪冰城的柠檬水  ,2025-03-22 15:04:34+08:00,15,15,0,广东,m
我靠我真的爱上这个星巴克了，买星巴克总会不自觉地套上其他品牌的杯套，因为害怕我的购买频率让身边的人自卑进而产生距离感。低调一直是我们家的家训，我也十分讨厌让别人产生不适的情绪，所以一直用蜜雪冰城和瑞幸示人。直到有一天同学请大家喝星巴克，其他人都支支吾吾半天不知道该点什么，等到了我 ...全文,2025-03-22 21:00:37+08:00,2,0,0,江苏,f
live~ life~ 爸爸削的猕猴桃 翘边的头发 好吃的鱼粉 一个人三杯的蜜雪冰城爽 夕阳下的爸爸妈妈 妈妈的草莓蛋糕 超级好看的生日礼物包包和耳钉(已想好怎么搭配版  酒店放的金榜题名祝福(真有心喜欢！ 秀美甲(其实是不舍得洗脸妆太好看想自拍 好吃的淀粉肠学校门口的既加辣椒酱又加番茄酱的最好吃！ 我的 ...全文,2025-03-22 20:57:23+08:00,0,0,0,江西,f
胖猫事件避雷了茶百道 春节英文滑跪外网我又壁垒了霸王茶姬 现在深得朕心的只有雪王雪贵妃了 ,2025-03-22 18:14:38+08:00,11,2,0,黑龙江,f
感觉被这个世界绑架了 水溶C为什么要五块钱一瓶 我为什么不去买蜜雪冰城 ,2025-03-22 20:56:13+08:00,0,0,0,湖北,f
周末了，话说你们觉得现在的工作咋样？ 评论抽2个粉丝喝蜜雪冰城~ 大家都好好休息休息吧~ ,2025-03-21 22:50:06+08:00,68,125,8,上海,m
蜜雪冰城凭什么上了香芋味雪糕就没有原味了 气死我了还我原味 ,2025-03-22 20:54:48+08:00,1,2,0,广东,m
果然有瑞幸的地方必有蜜雪 ,2025-03-22 20:51:57+08:00,0,4,0,江苏,f
恭喜这几位中了蜜雪冰城的朋友 ,2025-03-22 20:50:51+08:00,17,8,0,福建,f
我也是终于吃上了蜜雪冰城这个紫色甜筒尊嘟超好吃 ,2025-03-22 20:48:37+08:00,1,4,0,甘肃,m
恭喜这几位中了蜜雪冰城的朋友 ,2025-03-22 20:50:51+08:00,17,8,0,福建,f
我也是终于吃上了蜜雪冰城这个紫色甜筒尊嘟超好吃 ,2025-03-22 20:48:37+08:00,1,4,0,甘肃,m
一下午拍的密密麻麻密密麻麻，回去慢慢选 路口全是格格还有格格骑自行车🚲 没啥合影还衣服前恰一张 蜜雪冰城人多的要打起来了 铜锅好吃！ ,2025-03-22 20:48:25+08:00,0,0,0,北京,f
你爱我我爱你蜜雪冰城甜蜜蜜ʕっ•ᴥ•ʔつ🍯🍯🍯 南通·平潮镇便民服务中心 ,2025-03-22 20:47:28+08:00,0,0,0,江苏,m
今天给我一种 我真的在努力生活的感觉 做的事，比前五天都要多 满足 明天奖励自己一杯蜜雪冰城的茉莉奶绿 ,2025-03-22 20:46:18+08:00,0,0,0,湖南,f
今天开心的三件小事 1.又培养了一个摄影搭子 2.蜜雪冰城小哥送了我一个甜筒 3.足浴的小姐姐说我的胳膊和背一看就是健身的，已经被好几个朋友和师妹说年轻了，问我是不是00后行，被夸美了 无锡·南禅寺 ,2025-03-22 20:46:03+08:00,0,0,0,江苏,f
终于不用喝蜜雪冰城了…… ,2025-03-22 20:45:43+08:00,0,1,0,湖北,m
昨天有条抽奖的微博被夹了，没法抽了。  所以，这里重新做一个抽奖博。  要求改成：①评论；②铁粉。  明晚8点开。  还是蜜雪小甜水，25杯。 ,2025-03-22 20:32:17+08:00,17,46,3,北京,m
你们说， 蜜雪冰城被媒体咬住不放， 会不会是因为…… ,2025-03-22 07:20:51+08:00,1750,97,417,上海,m
#春天是冰淇淋的季节# #蜜雪冰城香芋# 蜜雪冰城,2025-03-22 20:44:50+08:00,0,0,0,山东,f
#春天是冰淇淋的季节# #蜜雪冰城香芋# 蜜雪冰城,2025-03-22 20:44:50+08:00,0,0,0,山东,f
蜜雪冰城故意跳单是啥意思？ ,2025-03-22 20:44:25+08:00,0,1,0,浙江,m
有人硬要🈷️一下我吗 我想🈷️点人 心肝在置顶 这个入要🈷️@桃浦椰酥饼干  她也要@年年叙ayy_   带这群入兜风一下@荆烧貓少 @年年叙ayy_ @祺什么尼 @面包起司狗 @要走出小胡同@耶耶乐了 @缺点维生鼠_  @油饼就吃 @一口吞掉糯米饭  🧱抽一个蜜雪冰城香芋冰淇淋 ,2025-03-22 20:17:52+08:00,12,69,30,湖南,f
蜜雪冰城的香芋味冰淇淋和小时候吃的顶喜香芋大甜筒一个味 ,2025-03-22 20:43:54+08:00,0,0,0,山东,f
今天卖专辑挣了三十多 于是宴请自己喝了一杯抖音团购的蜜雪冰城 ,2025-03-22 20:43:20+08:00,0,0,0,山西,f
#生活手记#最近天气很好 每天下班都可以看到日落 很美 很治愈 公司旁边就是麦当劳 明明是像往常一样回家 今天却很想吃薯条 麦当劳只有薯条是好吃的 但是量也是真的小 去买薯条时候我憋着小便 但还是被路边的小花吸引 它很小 小到我仔细看之前 都没发现它长得这么可爱 今天快乐的事情有很多 （比如我被 ...全文,2025-03-22 20:43:20+08:00,0,0,0,浙江,m
蜜雪家的圣代谁不吃谁后悔我就这么说吧 ,2025-03-22 20:42:56+08:00,0,1,0,河南,f
#一天喝了四杯奶茶#  回到家就只能喝蜜雪 上街随便逛逛买了两杯 临走时回家又买了两杯 现在吃完饭躺床上左手果茶 右手奶茶🧋 蜜雪我对你这么好 你拿什么还 ,2025-03-22 20:42:54+08:00,0,1,0,安徽,f
我这杯冰鲜柠檬水为啥只有2片柠檬啊#蜜雪冰城# ,2025-03-22 20:42:38+08:00,0,0,0,江西,m
瑞幸好凄凉 还是蜜雪好 ,2025-03-22 20:41:41+08:00,0,3,0,江苏,f
蜜雪家的圣代谁不吃谁后悔我就这么说吧 ,2025-03-22 20:42:56+08:00,0,1,0,河南,f
#一天喝了四杯奶茶#  回到家就只能喝蜜雪 上街随便逛逛买了两杯 临走时回家又买了两杯 现在吃完饭躺床上左手果茶 右手奶茶🧋 蜜雪我对你这么好 你拿什么还 ,2025-03-22 20:42:54+08:00,0,1,0,安徽,f
我这杯冰鲜柠檬水为啥只有2片柠檬啊#蜜雪冰城# ,2025-03-22 20:42:38+08:00,0,0,0,江西,m
蜜雪店里人比平常多，挺好，无耻的媒体开始输了。 ,2025-03-22 20:41:35+08:00,14,1,0,北京,m
蜜雪冰城：抱歉，我有错  网友&amp;顾客：退到我身后去，我来喷死这帮孙子！ ,2025-03-21 20:01:40+08:00,5457,186,153,四川,f
一梦江湖 下午刷到有一位少侠跑了三家蜜雪冰城都没有找到香芋脆皮小圣代，一下子就被狠狠安利了！已尝试，敲好吃！适用于喜欢吃香芋味的少侠 ,2025-03-22 20:39:16+08:00,2,3,0,安徽,f
一下课就是香芋甜筒配KFC 我爱蜜雪冰城的香芋甜筒 不用上课啦 风都是甜的 养成了吃东西前先拍照 ,2025-03-22 20:38:25+08:00,0,0,0,安徽,f
刚路过楼下蜜雪冰城。我妈说装修好喜庆，像搞婚庆活动似的，坐里面像新娘👰。（这回答太出乎我的意料了，就是忘了拍一张） 哈哈哈 ,2025-03-22 20:38:24+08:00,0,0,0,陕西,f
#蜜雪冰城兼职三天喝了两杯奶茶被辞退了# 无论你们怎么麦通稿黑雪王，他都不会塌房，有群众基础在，315到现在这么久了，用315的名恶意抹黑雪王，315没提过半点，你们什么算盘不用说了吧。蜜雪冰城 萌萌哒红色小象的微博视频 ,2025-03-22 10:35:39+08:00,81,17,0,安徽,f
被cctv 315晚会安利成功了蜜雪冰城！好喝的！ ,2025-03-22 20:36:57+08:00,0,0,0,浙江,f
回国要尽快做的事： 1，看哪吒2 2，给全家人买蜜雪冰城，然后艾特北京日报。 ,2025-03-22 18:43:31+08:00,50,12,1,上海,m
315我爱你#蜜雪冰城#315晚会#315曝光名单#食品安全#苏菲发声明 娱兮娱兮奈我何的微博视频 ,2025-03-22 20:32:14+08:00,3,0,0,江苏,f
古茗的袋子，沪上阿姨的被套和小料（杯子被店员换掉了），蜜雪冰城的奶茶，哈哈哈哈哈我这拼多多的人生 ,2025-03-22 20:32:07+08:00,0,0,0,贵州,f
对不起了李哥 我睡眠不好买不了霸王茶姬 请你下次喝喜茶或者COCO 喝蜜雪冰城柠檬水也行我买得起 #李胜利现身杭州# ,2025-03-22 20:32:00+08:00,1,0,0,山东,f
没事干，想着去蜜雪冰城兼职，结果两天半的时间自己做了两杯奶茶喝，被同事打小报告了，然后就被店长找了个理由辞退了 ,2025-03-22 20:21:58+08:00,24,7,0,山东,f
没有喝过蜜雪冰城，咨询小猫。 答：当然是一分钱一分货。可是这么便宜，你还要什么自行车？ 明白。  为了跟上潮流，最近买过茉莉茶，柠檬茶。 拎着柠檬茶进会议室的时候，95后同事恐吓我：风口浪尖上了，你还喝啊！ 我：必须滴。九折，3块6。 她嘻嘻笑：味道还不错哦。#蜜雪冰城#   核 ...全文,2025-03-22 20:31:08+08:00,1,2,0,江苏,f
#蜜雪冰城# 好喝，我不是人机，我不是人机，求官方不要再把我当人机了 ,2025-03-22 20:30:47+08:00,0,0,0,山东,f
每次点蜜雪冰城的摇摇奶昔一杯都不够喝，今天我一起点了两杯，喝完有些撑。 ,2025-03-22 20:30:34+08:00,0,0,0,河北,f
跟小张讲要控制体重，默默看了一眼手机里蜜雪的订单，以前真的从来没喝过，现在是只喝蜜雪 ,2025-03-22 20:30:32+08:00,0,0,0,江西,f
上次炫了三个麦当劳甜筒 这次开了三个蜜雪冰城 ,2025-03-22 20:30:02+08:00,2,2,0,上海,f
蜜雪冰城真牛逼，从早到晚都这么多人 ,2025-03-22 20:29:37+08:00,0,0,0,河北,f
可以换一种说法，然后代入一下。比如人人都喝得起蜜雪冰城，比如人人都喝得起星巴克。按余承东的说法，就是人人喝得起星巴克。但实际呢，还有一大部分人，星巴克的价格是不符合他们的消费观的。当然，我就是他们之一，我喝速溶的。,2025-03-22 20:29:08+08:00,0,0,0,福建,m
蜜雪冰城如果你敢下架香芋脆皮圣代糯米滋版 我就骂你一辈子 ,2025-03-22 20:28:56+08:00,0,0,0,河南,f
今天的坏心情是蜜雪冰城给的 So？我有点百香果吗？我的山楂莓莓去哪儿了？我请问呢？态度不好就算了 315也没跟你计较 自提当着我的面装都能给我装错 还漏装了 ,2025-03-22 20:28:46+08:00,0,2,0,浙江,f
溜着溜着突然想喝蜜雪冰城的满杯百香果，这肥减不了一点服了 ,2025-03-22 20:26:31+08:00,0,0,0,河北,f
妈妈给我带的甜瓜和西红柿还有煮的栗子，蹭的lyh她对象给她买的奶皮子和手抓饼哈哈哈（其实是今天下午骗我给她对象俩买的蜜雪冰城…然后给我买的奶皮子和饼） ,2025-03-22 20:26:00+08:00,0,0,0,山东,f
蜜雪冰城最不该把那个喝起来臭臭的绿茶下架了 ,2025-03-22 20:25:54+08:00,0,0,0,河南,f
我，想点一杯网上说的四块钱一杯有真柠檬片的柠檬水。  店员，其他地区四块，上海五块，就是菜单上的“冰鲜柠檬水”  我，好的好的，就点一杯这个，少冰少糖。 然后用了碰一碰支付，两元优惠立减，最后实际付款三元。  人生第一杯蜜雪冰城，心里默念“为了让柠檬片不隔夜，而点单” ...全文,2025-03-22 20:24:56+08:00,0,0,0,上海,f
那妳告诉我，我用AI创作的歌曲版权归谁？归AI吗？可是我已经付费使用AI了，相当于获得了使用AI创作的权限，在AI创作的基础上，我还可以继续二创，三创，四创....那你说说，我有没有这首歌的版权？其实一谈论到『版权』这两个字，无非就是在谈论『名利』。我说过，知识产权固然重要，但要用对地方 ...全文,2025-03-22 20:24:25+08:00,0,0,0,重庆,f
那妳告诉我，我用AI创作的歌曲版权归谁？归AI吗？可是我已经付费使用AI了，相当于获得了使用AI创作的权限，在AI创作的基础上，我还可以继续二创，三创，四创....那你说说，我有没有这首歌的版权？其实一谈论到『版权』这两个字，无非就是在谈论『名利』。我说过，知识产权固然重要，但要用对地方 ...全文,2025-03-22 20:24:25+08:00,0,0,0,重庆,f
以后可以喝蜜雪的美式，这下造价又下来了🥹 还有冰激凌还有圣代🤓 ,2025-03-22 20:23:02+08:00,0,0,0,湖南,f
蜜雪冰城在我心里塌房了 ,2025-03-22 20:22:42+08:00,0,1,0,山东,m
蜜雪冰城还是一如既往的火爆 ,2025-03-22 20:21:51+08:00,0,2,0,浙江,f
幸福多少钱 超过四块钱的话我就要买蜜雪冰城了 ,2025-03-22 11:10:22+08:00,74,10,4,浙江,f
点个蜜雪冰城都要领券的一群人抵制上高珠了 ,2025-03-22 20:20:03+08:00,8,0,1,浙江,f
#315晚会# 可笑吗 蜜雪冰城被调查的时候我有多慌张 ,2025-03-22 20:19:42+08:00,0,0,0,广西,f
雪王高能量去桃园的一天🍑这桃子看着真好吃 #蜜雪冰城溯源# #蜜桃四季春# 蜜雪冰城 蜜雪冰城的微博视频 ,2025-03-22 18:00:01+08:00,59,20,4,河南,m
蜜雪冰城(旗舰店版) ,2025-03-22 20:18:45+08:00,0,2,0,山东,f
是不是因为西江千户苗寨房租成本太高了？可是没有客流的店好多啊，店员的目光都是呆滞和死气沉沉的。而且我的想法真的能代表大家吗？虽然游客很多，但是愿意花钱去做全身精油或者泰式按摩的有多少人，大家会买杯10元的蜜雪冰城，但也许不会花二线城市的正常价格去做全身按摩。这里就要考验广告学和心理 ...全文,2025-03-22 20:18:43+08:00,0,0,0,贵州,m
#315晚会# 可笑吗 蜜雪冰城被调查的时候我有多慌张 ,2025-03-22 20:19:42+08:00,0,0,0,广西,f
雪王高能量去桃园的一天🍑这桃子看着真好吃 #蜜雪冰城溯源# #蜜桃四季春# 蜜雪冰城 蜜雪冰城的微博视频 ,2025-03-22 18:00:01+08:00,59,20,4,河南,m
蜜雪冰城(旗舰店版) ,2025-03-22 20:18:45+08:00,0,2,0,山东,f
是不是因为西江千户苗寨房租成本太高了？可是没有客流的店好多啊，店员的目光都是呆滞和死气沉沉的。而且我的想法真的能代表大家吗？虽然游客很多，但是愿意花钱去做全身精油或者泰式按摩的有多少人，大家会买杯10元的蜜雪冰城，但也许不会花二线城市的正常价格去做全身按摩。这里就要考验广告学和心理 ...全文,2025-03-22 20:18:43+08:00,0,0,0,贵州,m
你爱我，我爱你，蜜雪冰城甜蜜蜜～ ,2025-03-22 20:18:09+08:00,0,0,0,浙江,f
一个偏远的商场，蜜雪冰城五个人都搞不赢 等十分钟了 ,2025-03-22 20:16:24+08:00,0,0,0,重庆,f
路过蜜雪冰城 消费一笔 ,2025-03-22 18:28:53+08:00,54,15,0,浙江,f
今天是蜜雪冰城。 还有挂面和牛肉干~ ,2025-03-22 19:08:19+08:00,34,4,0,山西,f
霄云路美食节走一圈，人多的是烧烤和海鲜，还有蜜雪冰城 ,2025-03-22 20:15:58+08:00,0,0,0,北京,f
央视315晚会每年只有一次，却将宝贵的打假资源消耗在不痛不痒的蜜雪冰城身上，而不去关注更能震撼灵魂的食品安全问题。于是，全国大中小城市的蜜雪冰城们，店里人群仍然络绎不绝，对选择性打假发出了无声的抗议。权威又一次沦陷。#德叔说# ,2025-03-22 20:15:39+08:00,9,5,1,广东,m
雪王高能量去桃园的一天🍑这桃子看着真好吃 #蜜雪冰城溯源# #蜜桃四季春# 蜜雪冰城 蜜雪冰城的微博视频 ,2025-03-22 18:00:01+08:00,60,20,4,河南,m
蜜雪冰城改成24小时营业，315之后就有护短学生提出这个建议，没想到蜜雪冰城真采纳，现在没有隔夜柠檬了，只有熬夜的柠檬。  #蜜雪冰城被曝黑料网友凭啥护短##蜜雪冰城改24小时营业# ,2025-03-18 16:19:38+08:00,1383,57,27,湖北,m
路过蜜雪冰城 消费一笔 ,2025-03-22 18:28:53+08:00,56,15,0,浙江,f
#媒体围攻蜜雪冰城#  所以？蜜雪冰城被全网媒体攻击的这次，同时还查到沪上阿姨某家门店用过期小料？？？ 还篡改保质期标签？？？ 那他妈不比蜜雪冰城用隔夜柠檬严重啊？？？ 哪个媒体出来骂一句了啊？？？ ,2025-03-21 14:08:48+08:00,799,35,26,安徽,m
你们说， 蜜雪冰城被媒体咬住不放， 会不会是因为…… ,2025-03-22 07:20:51+08:00,1804,102,434,上海,m
蜜雪冰城做得很好… 但其他怎么没… ,2025-03-21 23:09:31+08:00,5882,238,113,北京,f
蜜雪冰城这个香芋糯米脆皮圣代好好吃 ,2025-03-22 14:43:20+08:00,109,41,2,辽宁,f
原来是湖北媒体曝光了蜜雪冰城隔夜柠檬片 那就不奇怪了。 蜜雪冰城是河南的企业。  湖北一些媒体在“黑”河南企业的道路上，那必须是狂飙。 因为湖北本地面粉企业搞不过质优价廉的豫花面粉，于是污蔑豫花面粉为毒面粉。几乎搞垮河南的优质企业。  上次极目新闻指责河南旅游营销女色，被网友骂到关闭评 ...全文,2025-03-22 08:17:40+08:00,64,20,6,重庆,f
#蜜雪冰城兼职三天喝了两杯奶茶被辞退了# 无论你们怎么麦通稿黑雪王，他都不会塌房，有群众基础在，315到现在这么久了，用315的名恶意抹黑雪王，315没提过半点，你们什么算盘不用说了吧。蜜雪冰城 萌萌哒红色小象的微博视频 ,2025-03-22 10:35:39+08:00,81,17,0,安徽,f
哇塞，我昨天赚了一杯蜜雪冰城的柠檬水 ,2025-03-22 09:38:28+08:00,32,31,0,广东,m
不行，蜜雪冰城的咖啡还是太难喝了 ,2025-03-22 21:19:01+08:00,0,0,0,陕西,m
一网友问:315为什么不打假老年人各种保健品忽悠店，却要去曝光蜜雪冰城的柠檬片？ ,2025-03-20 23:33:09+08:00,1009,98,57,山东,m
今天和我妈出去溜达吃了蜜雪冰城的香芋冰淇淋 正新甘梅大鸡排 还有青提糖葫芦 好开心啊啊啊啊和我妈出去就不怕想吃的吃不完了 因为可以两个人分着吃！ ,2025-03-22 21:18:12+08:00,0,0,0,河北,f
经常能看到有些人为了在朋友圈或者网上炫耀，硬着头皮买蜜雪冰城，虚荣心获得的认同感都是很虚假的。 要为了喝而买，而不是为了让朋友高看一眼才买，虽然我平时没事也会买蜜雪冰城，但是我从来都不会发到网上炫耀，第一是财不外露，如果经常发，很容易被人盯上。第二是觉得没必要，可能对于有的人来说 ...全文,2025-03-22 21:16:13+08:00,0,5,0,辽宁,f
#315蜜雪冰城#315给我柠檬水干涨价了呀！可真行#蜜雪冰城柠檬水#蜜雪冰城 ,2025-03-22 21:14:02+08:00,0,0,0,广东,f
蜜雪店里人比平常多，挺好，无耻的媒体开始输了。 ,2025-03-22 20:41:35+08:00,17,1,0,北京,m
快九点的时候我家楼下的蜜雪冰城还在排队，我甚至是提前在小程序下了单，还是到店等了将近二十分钟……这是为了不让柠檬片过夜所做出的必要的牺牲，虽然但是我点的是玫瑰雪顶😃好喝，上次的玫瑰撞奶，好喝！我本来是想买香芋的什么东西，但是售罄，大悲大悲 ,2025-03-22 21:13:50+08:00,0,1,0,河南,m
今晚庄寒雁真的好给力，真想带大家揭竿而起了呀，她拿着那个烛台的样子，还真的很像蜜雪冰城 ,2025-03-22 20:33:30+08:00,286,24,7,福建,f
中午买了牛肉、牛肚，老板给盛了一大锅牛肉汤，回家涮锅吃晚上带爱吃海鲜的小朋友吃面包蟹，评价就是难吃还好还有蒜蓉虾可以喂饱挑食的孩儿 昨天这家蜜雪冰城的冰淇淋打的太稀了马上就要融化的样子 ,2025-03-22 21:11:52+08:00,0,0,0,河南,f
做个蜜雪冰城的小组作业弄得一辈子都不想喝蜜雪冰城 我接下来把市面上所有烟酒的牌子都做个研报岂不是长命百岁 ,2025-03-22 21:11:20+08:00,0,1,0,新加坡,m
恭喜这几位中了蜜雪冰城的朋友 ,2025-03-22 20:50:51+08:00,28,9,0,福建,f
315严选#蜜雪冰城# ,2025-03-22 21:11:07+08:00,0,0,0,海南,f
这个好喝！！！感觉现在喝蜜雪冰城是一件很高端的事 ,2025-03-22 21:10:51+08:00,0,0,0,湖北,f
嗝，蜜雪冰城是唯一一个315后更火爆的 ,2025-03-22 21:10:41+08:00,0,0,0,天津,m
为什么上海开不起来蜜雪冰城 ,2025-03-21 22:40:52+08:00,26,42,0,广东,f
哈！张雪峰的金身又添一分！我妈刚喊我不要喝蜜雪冰城了，不好？我说咋不好？说315晚会都演了，不好。我说咋不好啊？就是不好！反复好几次，我妈生气了，说人家都说不好，你听着就是了，还问咋不好？对啊！媒体们多强啊，315晚会上蜜雪冰城的字都没有，就是连着造势，不知道的人都信，说雪王不好，可雪 ...全文,2025-03-22 21:08:37+08:00,0,0,0,山东,f
#蜜雪冰城山楂莓莓#踩雷，便宜但难喝 ,2025-03-22 21:08:35+08:00,0,1,0,上海,f
•今天又跟dream吃甜筒 去买的时候店员说香草的好硬挖不动，叫我们要不去隔壁蜜雪冰城买吧 •很久没喝可乐了 决定放弃抵抗 •陶艺课 第一次觉得自己小有天赋型选手 •别人陶泥斯斯文文一小块 我们简单粗暴粗鲁的二十斤 ,2025-03-22 21:08:06+08:00,0,0,0,广东,f
我有一杯喝了一半的蜜雪冰城在班里，我现在要回班去拿了 ,2025-03-22 21:07:21+08:00,1,4,0,河南,f
蜜雪冰城做得很好… 但其他怎么没… ,2025-03-21 23:09:31+08:00,5945,238,114,北京,f
下一年315爆出蜜雪冰城使用隔夜员工。我看你如何应对？  #蜜雪冰城改24小时营业# 三门峡 来自天鹅之城的小团团的微博视频 ,2025-03-18 14:22:45+08:00,1179,164,44,河南,m
路过蜜雪冰城 消费一笔 ,2025-03-22 18:28:53+08:00,58,15,0,浙江,f
蜜雪冰城这个香芋糯米脆皮圣代好好吃 ,2025-03-22 14:43:20+08:00,110,41,2,辽宁,f
雪王高能量去桃园的一天🍑这桃子看着真好吃 #蜜雪冰城溯源# #蜜桃四季春# 蜜雪冰城 蜜雪冰城的微博视频 ,2025-03-22 18:00:01+08:00,63,23,4,河南,m
你们说， 蜜雪冰城被媒体咬住不放， 会不会是因为…… ,2025-03-22 07:20:51+08:00,1969,109,470,上海,m
#蜜雪冰城兼职三天喝了两杯奶茶被辞退了# 无论你们怎么麦通稿黑雪王，他都不会塌房，有群众基础在，315到现在这么久了，用315的名恶意抹黑雪王，315没提过半点，你们什么算盘不用说了吧。蜜雪冰城 萌萌哒红色小象的微博视频 ,2025-03-22 10:35:39+08:00,84,17,0,安徽,f
蜜雪冰城用过夜柠檬又怎么了呢？作为一具尸体，能吃上柠檬也算有营养了 ,2025-03-22 10:08:40+08:00,25,2,3,天津,m
#蜜雪冰城兼职三天喝了两杯奶茶被辞退了#原来在蜜雪冰城兼职工资这么高！突然感觉自己亏大了！！ 来自Sunflower客户端的微博视频 ,2025-03-22 10:13:18+08:00,46,2,0,山东,m
门前一家蜜雪冰城貌似比以前更火了。 忍不住给玩伴们买了一兜子柠檬水，以及甜筒🍦 诶呀，有些人越是想打倒的，我就越是想挺它  蜜雪冰城#蜜雪冰城柠檬水# ,2025-03-22 17:48:42+08:00,14,5,2,河北,m
人生第一次抽到隐藏款，是蜜雪冰城的免费冰箱贴盲盒 ,2025-03-22 21:36:50+08:00,0,0,0,浙江,f
蜜雪冰城 喝柠檬水后肚子疼？一定是我吃错什么东西了早知道我不吃其他东西了 ,2025-03-22 21:35:05+08:00,0,0,0,福建,f
为了吃这一口跑了三家蜜雪冰城 ,2025-03-22 21:35:00+08:00,0,0,0,安徽,f
不用怀疑，中国绝大部分媒体人都恨死了#媒体评蜜雪冰城别把宽容变纵容# #媒体围攻蜜雪冰城#,2025-03-22 21:34:43+08:00,0,0,0,广东,m
蜜雪冰城门店8代设计 ,2025-03-22 12:00:00+08:00,14,0,2,黑龙江,m
我话讲完，谁赞成，谁反对。 #蜜雪冰城# ,2025-03-22 21:32:28+08:00,0,0,0,广东,m
小象超市的芋泥饼，蜜雪冰城的芋泥冰淇淋，朴正喜的芋泥牛乳酱炸鸡，我真的爱死了 ,2025-03-22 21:32:25+08:00,0,0,0,广东,f
打卡蜜雪冰城全球总部旗舰店 香芋冰淇淋吃啦！🍦可惜没有吃到葡萄味的 专属奶茶喝啦！🥤可惜很多款都卖完了～ 专属蛋糕吃啦！🍰芒果味的好好吃！🥭 周边产品买啦！二楼人多到寸步难行… 雪王地标打卡完成！也是要找好角度才行  ...全文,2025-03-22 21:31:09+08:00,1,1,0,河南,f
打卡蜜雪冰城全球总部旗舰店 香芋冰淇淋吃啦！🍦可惜没有吃到葡萄味的 专属奶茶喝啦！🥤可惜很多款都卖完了～ 专属蛋糕吃啦！🍰芒果味的好好吃！🥭 周边产品买啦！二楼人多到寸步难行… 雪王地标打卡完成！也是要找好角度才行  ...全文,2025-03-22 21:31:09+08:00,1,1,0,河南,f
今天去逛小吃街，蜜雪冰城全是人 隔夜柠檬反其道而行推广是真 ,2025-03-22 21:30:46+08:00,0,0,0,贵州,f
我是喝蜜雪冰城还是喜茶 ,2025-03-22 21:30:13+08:00,0,2,0,福建,f
蜜雪冰城香芋脆皮时代（糯米糍版）超级无敌好吃 ,2025-03-22 21:30:12+08:00,0,0,0,湖南,f
回国要尽快做的事： 1，看哪吒2 2，给全家人买蜜雪冰城，然后艾特北京日报。 ,2025-03-22 18:43:31+08:00,56,12,1,上海,m
太颠了 跟我室友去操场🏸 累了寻思去拿快递 背着球拍就去驿站了 我扛着一箱快递 她提着球拍 谁知道走半路球拍包的带子断了 只能改成抱着 两个馋鬼路过蜜雪冰城买了个甜筒和圣代 她吃我抗 心里过意不去 又去超市买了个针线盒 回到操场借着幽暗的光缝补破烂的袋子 轮到我吃圣代了 两个人研究半天终于打 ...全文,2025-03-22 21:28:42+08:00,0,0,0,山东,f
2025/3/22 今天和sym打羽毛球🏸 然后遇见了两个特别可爱和酷酷的两个小女孩 我们当时在教学楼大门前打羽毛球 然后来了两个女孩 她们在那里小声密谋 并开始猜拳 然后一个女孩子向我们走过来说同学你们好 我们可以一起打球吗。我们说我们很菜。她们说没关系的 都是随便玩。我们就开始打羽毛球了 ...全文,2025-03-22 21:28:41+08:00,0,0,0,江西,f
不要不开心了 等我有钱了把账还完了 熬过这阵子了 没压力了 手上有存款了 就给你买杯蜜雪冰城的柠檬水 ,2025-03-22 15:01:44+08:00,74,10,5,福建,m
为了买我的水晶项链 奶茶只喝蜜雪冰城了 晚饭也不吃了 ,2025-03-22 21:27:09+08:00,0,0,0,江苏,f
蜜雪冰城用隔夜柠檬，依然被原谅和喜爱。就是因为足够便宜。这就是你为啥没被开除的原因，也是大部分人的核心竞争力，不管职场还是感情，你只有够便宜，才有竞争力。 ,2025-03-22 20:09:08+08:00,18,0,5,广东,m
蜜雪冰城用隔夜柠檬，依然被原谅和喜爱。就是因为足够便宜。这就是你为啥没被开除的原因，也是大部分人的核心竞争力，不管职场还是感情，你只有够便宜，才有竞争力。 ,2025-03-22 20:09:08+08:00,18,0,5,广东,m
为什么说蜜雪冰城的柠檬水便宜 ,2025-03-21 15:06:26+08:00,206,34,1,广东,f
超级超级超级值得推荐！雪王香芋！！#蜜雪冰城# ,2025-03-22 21:25:22+08:00,0,0,0,江苏,f
什么叫良心？ 泰山顶上一瓶矿泉水都4块的时候， 蜜雪冰城冰鲜柠檬水才5块 ,2025-03-21 18:55:39+08:00,1562,83,37,广东,m
#和李耕耘一起健身打卡100天#李耕耘第四十一天打卡✓下午city walk了四个小时嘿嘿 吃了一个蜜雪冰城的香芋圣代差点被甜死血糖差一点起飞 ,2025-03-22 21:25:15+08:00,0,0,0,北京,f
蜜雪冰城放冰箱明天喝 ,2025-03-22 21:23:50+08:00,0,1,0,江苏,f
早饭星巴克三明治美式 中饭云南米线豆腐（喜茶龙井芝士糯糯） 晚饭芥末鱿鱼蜜雪冰城美式 老胡昨晚结石，今天一早在医院陪着 ,2025-03-22 21:23:46+08:00,0,0,0,湖北,m
雪王的吸引力超强 在证券上这叫羊群效应 ,2025-03-22 19:48:02+08:00,45,3,0,陕西,m
yes雪王可可爱爱的小零食 ,2025-03-22 21:22:35+08:00,0,0,0,浙江,f
蜜雪冰城的香芋脆皮圣代冰淇淋谁还没吃  香疯了连吃两天 ,2025-03-22 21:22:08+08:00,0,0,0,天津,f
今晚庄寒雁真的好给力，真想带大家揭竿而起了呀，她拿着那个烛台的样子，还真的很像蜜雪冰城 ,2025-03-22 20:33:30+08:00,351,28,7,福建,f
喝了混果汁 吃了烧烤 、海底捞 吃了蜜雪冰城的圣代  吃吃喝喝的一天 ,2025-03-22 21:20:05+08:00,0,0,0,广东,m
尊敬的雪王大人@蜜雪冰城  葡萄美式都出了 能不能再出一个桃桃美式啊 低热量低升糖！绝对卖翻好吗！！！！ ,2025-03-22 21:19:48+08:00,0,0,0,重庆,f
你们说， 蜜雪冰城被媒体咬住不放， 会不会是因为…… ,2025-03-22 07:20:51+08:00,1972,109,471,上海,m
今天吃了蜜雪冰城那个香芋原味霜炫冰淇淋， 朋友说像文野的西格玛啊啊啊啊啊啊啊啊 ,2025-03-22 21:19:27+08:00,2,1,0,重庆,f
最近蜜雪冰城在港股上市，市值破1500亿港币，营收破2百亿。 而另一家更早港股上市的奈雪的茶，去年营收营收51亿，利润为负8亿-9亿，市值更是只有21亿港币。 其他几家上市的，古茗和茶百道营收和利润都比奈雪好。 这里，他们有的主要区别是。 蜜雪冰城、古茗、茶百道都是加盟模式，而奈雪是直营模式。  ...全文,2025-03-22 12:07:10+08:00,11,0,2,上海,m
不行，蜜雪冰城的咖啡还是太难喝了 ,2025-03-22 21:19:01+08:00,0,0,0,陕西,m
一网友问:315为什么不打假老年人各种保健品忽悠店，却要去曝光蜜雪冰城的柠檬片？ ,2025-03-20 23:33:09+08:00,1012,99,58,山东,m
今天和我妈出去溜达吃了蜜雪冰城的香芋冰淇淋 正新甘梅大鸡排 还有青提糖葫芦 好开心啊啊啊啊和我妈出去就不怕想吃的吃不完了 因为可以两个人分着吃！ ,2025-03-22 21:18:12+08:00,2,0,0,河北,f
@蜜雪冰城 雪王啊，也不晓得这家是你们直营店还是加盟的，我真的很想投诉，既然写着晚上九点半下班，这家店大反而总是天天都没有最近你们上新的香芋冰淇淋，一天两天没有还可以谅解，老是这样就不能理解了，急着下班也不是这样的吧！提前一个多小就没料了？既然是上新强推产品就不能多备点材料吗？而另 ...全文,2025-03-22 21:18:08+08:00,0,0,0,重庆,m
还得是蜜雪 搞嘴里就得劲儿😋 ,2025-03-22 21:16:33+08:00,0,0,0,山东,m
经常能看到有些人为了在朋友圈或者网上炫耀，硬着头皮买蜜雪冰城，虚荣心获得的认同感都是很虚假的。 要为了喝而买，而不是为了让朋友高看一眼才买，虽然我平时没事也会买蜜雪冰城，但是我从来都不会发到网上炫耀，第一是财不外露，如果经常发，很容易被人盯上。第二是觉得没必要，可能对于有的人来说 ...全文,2025-03-22 21:16:13+08:00,3,13,1,辽宁,f
#生活手记#附近开了个蜜雪冰城，满十五抽奖，抽出来个不倒翁♥(｡￫v￩｡)♥好可爱ᥫ᭡ ,2025-03-22 21:15:37+08:00,0,0,0,广东,f
#蜜雪冰城鲜果切片常温过夜后继续用#柠檬过夜怎么了，一杯太便宜不送，两杯又喝不完，只能一杯放冰箱明天喝呀，应该有人和我一样的 泉州 ,2025-03-22 21:15:33+08:00,0,0,0,福建,f
#315蜜雪冰城#315给我柠檬水干涨价了呀！可真行#蜜雪冰城柠檬水#蜜雪冰城 ,2025-03-22 21:14:02+08:00,0,0,0,广东,f
蜜雪店里人比平常多，挺好，无耻的媒体开始输了。 ,2025-03-22 20:41:35+08:00,21,2,1,北京,m
路过蜜雪冰城 消费一笔 ,2025-03-22 18:28:53+08:00,58,15,0,浙江,f
快九点的时候我家楼下的蜜雪冰城还在排队，我甚至是提前在小程序下了单，还是到店等了将近二十分钟……这是为了不让柠檬片过夜所做出的必要的牺牲，虽然但是我点的是玫瑰雪顶😃好喝，上次的玫瑰撞奶，好喝！我本来是想买香芋的什么东西，但是售罄，大悲大悲 ,2025-03-22 21:13:50+08:00,1,2,0,河南,m
做个蜜雪冰城的小组作业弄得一辈子都不想喝蜜雪冰城 我接下来把市面上所有烟酒的牌子都做个研报岂不是长命百岁 ,2025-03-22 21:11:20+08:00,0,1,0,新加坡,m
做个蜜雪冰城的小组作业弄得一辈子都不想喝蜜雪冰城 我接下来把市面上所有烟酒的牌子都做个研报岂不是长命百岁 ,2025-03-22 21:11:20+08:00,0,1,0,新加坡,m
恭喜这几位中了蜜雪冰城的朋友 ,2025-03-22 20:50:51+08:00,41,10,0,福建,f
315严选#蜜雪冰城# ,2025-03-22 21:11:07+08:00,0,0,0,海南,f
这个好喝！！！感觉现在喝蜜雪冰城是一件很高端的事 ,2025-03-22 21:10:51+08:00,0,0,0,湖北,f
嗝，蜜雪冰城是唯一一个315后更火爆的 ,2025-03-22 21:10:41+08:00,1,0,0,天津,m
不要再问我为什么只喝蜜雪冰城了 坐标农村你满意了吧！ ,2025-03-22 21:09:09+08:00,0,2,0,河南,m
为什么上海开不起来蜜雪冰城 ,2025-03-21 22:40:52+08:00,33,43,0,广东,f
哈！张雪峰的金身又添一分！我妈刚喊我不要喝蜜雪冰城了，不好？我说咋不好？说315晚会都演了，不好。我说咋不好啊？就是不好！反复好几次，我妈生气了，说人家都说不好，你听着就是了，还问咋不好？对啊！媒体们多强啊，315晚会上蜜雪冰城的字都没有，就是连着造势，不知道的人都信，说雪王不好，可雪 ...全文,2025-03-22 21:08:37+08:00,0,0,0,山东,f
#蜜雪冰城山楂莓莓#踩雷，便宜但难喝 ,2025-03-22 21:08:35+08:00,0,1,0,上海,f
•今天又跟dream吃甜筒 去买的时候店员说香草的好硬挖不动，叫我们要不去隔壁蜜雪冰城买吧 •很久没喝可乐了 决定放弃抵抗 •陶艺课 第一次觉得自己小有天赋型选手 •别人陶泥斯斯文文一小块 我们简单粗暴粗鲁的二十斤 ,2025-03-22 21:08:06+08:00,0,0,0,广东,f
蜜雪，好！@金规泙 ,2025-03-22 21:07:28+08:00,0,0,0,福建,m
我有一杯喝了一半的蜜雪冰城在班里，我现在要回班去拿了 ,2025-03-22 21:07:21+08:00,2,4,0,河南,f
蜜雪冰城的山楂酸奶好好喝 酸酸的 ,2025-03-22 21:05:20+08:00,0,0,0,安徽,f
感谢小雪！免费的冰淇淋吃上啦！@蜜雪冰城 ,2025-03-22 21:04:47+08:00,0,0,0,山东,f
大晚上的造孽啊 你是怕它明天变隔夜吗 #蜜雪冰城##傻子老公# ,2025-03-22 21:04:38+08:00,0,0,0,山东,f
蜜雪冰城大杯珍珠奶茶 &amp; 蜜雪冰城大杯珍珠奶茶 &amp; 蜜雪冰城大杯珍珠奶茶 &amp; 蜜雪冰城大杯珍珠奶茶 杭州·蜜雪冰城 ,2025-03-22 21:04:07+08:00,0,1,0,浙江,m
工资一降再降… 消费水平也一降再降… 之前说睫毛膏从几百用到几十 现在 饮料从蜜雪冰城都换成吕小哥了…  工资再降一降 饮料不喝了 妆也不化了 不消费了 消费不起了   我：“这个月钱花的太极限了…” 妈：“没到月底钱不够花了？” ,2025-03-22 21:04:04+08:00,0,4,0,河南,f
明天想喝一杯蜜雪冰城柠檬水 ,2025-03-22 21:03:33+08:00,0,1,0,福建,f
有钱就是任性！我往红包里塞了现金大奖，能不能抢到就要看你们对我是不是死心塌地啦！  这个是真好蹭啊 红包 陈哲远  梁洁 祝绪丹 张凌赫 敖瑞鹏 顾茜茜 李昀锐 孟子义  卢昱晓 王星越 周翊然 这也太好蹭了  我来了 我来44 听说秒上 买星巴克总会不自觉地套上其他品牌的杯套，因为害怕我的购买频 ...全文,2025-03-22 21:02:15+08:00,0,0,0,山东,m
叮~！您使用 “蜜雪冰城” 发布的微博，已被超话君收录到您的专属超话 蜜雪冰城 中了凹~想知道粉丝们都在超话里聊些什么嘛~快来宠粉翻牌吧！直达现场&gt;&gt;  蜜雪冰城,2025-03-22 18:00:03+08:00,0,0,0,,m
到了桃子🍑的季节了吗？,2025-03-22 18:29:50+08:00,1,0,0,河南,f
第一,2025-03-22 18:01:01+08:00,1,0,0,北京,f
可爱嘻嘻！,2025-03-22 20:31:22+08:00,0,0,0,新疆,f
是有新品了嘛，雪王。又努力工作了一天,2025-03-22 18:42:51+08:00,0,0,0,天津,f
雪，看我名字,2025-03-22 18:10:15+08:00,0,0,0,陕西,m
我哭亖，雪王是真用水果啊,2025-03-22 18:02:31+08:00,0,0,0,湖南,f
雪王打工哈哈哈哈哈,2025-03-22 20:52:20+08:00,0,0,0,河南,f
再说一次！香芋大圣代！！,2025-03-22 20:49:25+08:00,0,0,0,四川,f
这吨位一车少拉半车🍑,2025-03-22 20:47:25+08:00,0,0,0,湖北,f
@跟着小狗就对了 没有熬夜的柠檬只有熬夜的打工人,2025-03-18 17:25:02+08:00,278,9,0,福建,f
哈哈哈哈，笑死，熬夜的柠檬🍋,2025-03-18 17:18:20+08:00,70,0,0,四川,f
熬夜柠檬,2025-03-18 16:36:26+08:00,21,0,0,北京,f
熬夜柠檬杯,2025-03-18 18:47:30+08:00,13,0,0,吉林,f
柠檬就不需要休息了嘛,2025-03-18 18:49:34+08:00,16,0,0,江苏,f
熬夜柠檬，哈哈哈,2025-03-18 23:12:28+08:00,2,0,0,安徽,f
可怜的打工人,2025-03-19 00:34:24+08:00,4,0,0,浙江,f
最终打工人承担了所有,2025-03-19 07:10:30+08:00,0,0,0,四川,f
,2025-03-18 22:06:07+08:00,0,0,0,山东,f
,2025-03-18 18:10:21+08:00,0,0,0,湖南,f
不够自由化是吧,2025-03-22 07:21:37+08:00,196,2,0,北京,m
原来是这样啊,2025-03-22 10:37:27+08:00,94,0,0,北京,f
越想黑蜜雪蜜雪更加红！！,2025-03-22 10:29:11+08:00,87,0,0,广东,m
哎～你别说～你还真别说。。。,2025-03-22 12:34:58+08:00,50,0,0,广东,f
真相大白,2025-03-22 15:07:08+08:00,28,0,0,广西,m
yysy搞思想工作还是有一套的,2025-03-22 14:28:16+08:00,5,0,0,上海,f
拍马屁而已,2025-03-22 09:30:54+08:00,1,4,0,浙江,m
很有可能这就是那五学当记者时候就有的敲诈手段,2025-03-22 18:12:21+08:00,6,0,0,北京,f
河南媒体不值得，建议搬来湖南,2025-03-22 09:33:49+08:00,6,3,0,湖南,f
居然很有说服力～,2025-03-22 14:36:15+08:00,11,0,0,上海,f
柠檬水是蜜雪冰城唯一好喝的了，其他都很难喝,2025-03-21 23:12:13+08:00,246,116,0,广东,m
那个拿剑的雪王有点像……,2025-03-21 23:17:12+08:00,385,2,0,广东,m
报废柠檬再告你个浪费食物,2025-03-21 23:15:13+08:00,254,4,0,吉林,m
雪王摆平自己，其他摆平媒体,2025-03-21 23:12:24+08:00,167,0,0,江苏,m
这下每天浪费的就要超过94.5吨了,2025-03-21 23:31:37+08:00,93,3,0,福建,f
因为媒体公器私用想讹诈钱，每年几百吨柠檬就被浪费了。等等，食物浪费是比PUA逼人自杀还严重的罪行，这不是央视最近强调的吗？你们媒体TM的能不能要点脸?,2025-03-22 07:11:50+08:00,64,1,0,北京,m
我还是在继续喝三分糖的冰柠檬水，我喜欢喝这个口感,2025-03-22 08:05:36+08:00,11,4,0,北京,m
“我不认为这是高尚的”,2025-03-22 03:34:38+08:00,11,0,0,河南,m
信不信明年315媒体会抨击蜜雪每年浪费94.6吨的柠檬，明明柠檬没坏却要被扔掉,2025-03-22 08:08:30+08:00,19,0,0,河南,f
那当天闭店前可以去要用剩下的吗？,2025-03-22 02:43:32+08:00,4,1,0,北京,m
我觉得那个香芋香精味太重了（虽然这个价格也不能要求什么。,2025-03-22 14:48:51+08:00,7,3,0,北京,f
我们这儿怎么没有,2025-03-22 14:47:23+08:00,0,3,0,河南,f
糯米是真的加进去了还是口感形容,2025-03-22 14:45:58+08:00,0,1,0,福建,f
？？？？出了我不知道的新口味啊啊啊啊,2025-03-22 14:45:14+08:00,1,0,0,湖南,f
同意！但是每次买他们都没有脆皮和糯米滋,2025-03-22 14:52:19+08:00,0,2,0,安徽,f
好怀念麦当劳的奶昔,2025-03-22 20:28:05+08:00,0,0,0,山东,f
对的对的！上回去买只吃到了布丁的好可惜,2025-03-22 17:50:54+08:00,0,0,0,四川,f
我们这没有看着好好吃啊…,2025-03-22 15:13:16+08:00,0,0,0,海南,f
好吃,2025-03-22 20:46:10+08:00,0,0,0,湖北,m
离我最近的那家只有布丁版,2025-03-22 19:29:56+08:00,0,0,0,湖北,f
看看怎么回事,2025-03-22 10:42:07+08:00,2,1,0,上海,f
这是怎么回事,2025-03-22 10:38:53+08:00,2,1,0,上海,f
,2025-03-22 10:36:11+08:00,1,0,0,安徽,f
好玩,2025-03-22 10:36:08+08:00,1,0,0,安徽,f
可爱,2025-03-22 10:36:01+08:00,1,0,0,安徽,f
不会吧！,2025-03-22 12:15:07+08:00,0,0,0,北京,f
什么情况,2025-03-22 11:01:37+08:00,0,0,0,四川,f
咋回事啊,2025-03-22 10:47:41+08:00,0,0,0,广西,m
上午好！,2025-03-22 11:08:53+08:00,0,0,0,贵州,f
感谢分享,2025-03-22 10:46:19+08:00,0,0,0,江苏,f
尸体vv一暖,2025-03-22 17:27:29+08:00,0,0,0,越南,f
嘻嘻,2025-03-22 15:12:03+08:00,0,0,0,广东,f
我一会就去买,2025-03-22 18:15:01+08:00,1,1,0,浙江,f
寒暑假，孩跟我去办公室，都会请他！,2025-03-22 18:13:16+08:00,1,1,0,江苏,m
弟弟刚刚点了两杯蜜雪冰城的，一杯柠檬水，一杯椰椰,2025-03-22 09:44:27+08:00,1,1,0,广西,m
晚上好呀,2025-03-22 20:26:40+08:00,0,0,0,山西,m
晚上好啊,2025-03-22 19:56:44+08:00,0,0,0,广东,f
感谢分享,2025-03-22 19:55:22+08:00,0,0,0,辽宁,m
晚上好呀，天天好心情！,2025-03-22 19:48:13+08:00,0,0,0,重庆,f
晚上好啊，周六愉快,2025-03-22 19:38:16+08:00,0,0,0,天津,f
可以可以哦～,2025-03-22 19:37:50+08:00,0,0,0,广东,f
晚上好呀,2025-03-22 19:28:24+08:00,0,0,0,湖南,m
这个文案很好,2025-03-22 19:28:17+08:00,0,0,0,安徽,f
周末愉快，感谢分享,2025-03-22 19:14:49+08:00,0,0,0,山东,f
,2025-03-22 20:37:42+08:00,0,0,0,内蒙古,m
真的又便宜又好喝,2025-03-22 20:31:19+08:00,0,0,0,湖南,f
大家都爱,2025-03-22 20:33:10+08:00,0,0,0,广东,f
真的太像雪王了，尤其脸蛋圆圆的，可可爱爱的,2025-03-22 20:35:07+08:00,14,0,0,浙江,f
雪王那个弹幕好好笑,2025-03-22 20:35:33+08:00,3,0,0,重庆,f
哈哈哈真的,2025-03-22 20:36:53+08:00,0,0,0,陕西,f
今晚的母女情看哭了,2025-03-22 20:47:02+08:00,0,0,0,四川,m
真的,2025-03-22 20:39:19+08:00,0,0,0,湖北,f
我🙋🏻♂️,2025-03-22 20:42:48+08:00,1,0,0,山东,m
,2025-03-22 20:50:58+08:00,0,0,0,山东,m
,2025-03-22 20:51:44+08:00,0,0,0,山东,m
,2025-03-22 20:41:16+08:00,0,0,0,山东,f
,2025-03-22 20:35:43+08:00,0,0,0,湖北,m
me,2025-03-22 20:53:11+08:00,0,0,0,北京,m
来试试,2025-03-22 20:52:49+08:00,0,0,0,江苏,m
金粉呢？排除在外了？,2025-03-22 20:52:16+08:00,0,0,0,北京,m
,2025-03-22 20:50:00+08:00,0,0,0,广西,f
看看是不是,2025-03-22 20:49:19+08:00,0,0,0,北京,m
圣代的诱惑谁能抵挡，不吃后悔系列，我猜你的味蕾现在正在跳舞,2025-03-22 20:44:48+08:00,0,0,0,罗伯特贱萌版,f
看来蜜雪要拿“最佳陪伴奖”来回报你的厚爱了，毕竟不是谁都愿意一天喝四杯的！,2025-03-22 20:44:47+08:00,0,0,0,罗伯特贱萌版,f
山姆的过期牛奶怎么这群逼都禁声了,2025-03-21 20:23:18+08:00,799,19,0,重庆,m
我以前从没喝过蜜雪冰城，特意买了两杯。,2025-03-21 20:29:33+08:00,259,17,0,湖南,m
确实啊，查来查去就查到隔夜柠檬。。,2025-03-21 20:08:28+08:00,210,3,0,广东,m
媒体：众人皆夸我独骂，举世皆浊我清高,2025-03-21 20:09:37+08:00,139,4,0,河南,m
我看着冰箱里那半个放了一周的柠檬，还有前天剩的红烧肉，口水鸡陷入沉思！,2025-03-21 21:39:40+08:00,125,6,0,广东,m
气的我一个糖尿病患者都买了杯柠檬水感觉欺负到自己头上了,2025-03-21 22:21:07+08:00,61,4,0,吉林,m
这么便宜的价格还用真的水果，我觉得很良心了……,2025-03-21 20:31:24+08:00,71,1,0,江苏,f
支持 我以前还以为蜜雪冰城是科技才这么便宜,2025-03-21 21:10:03+08:00,39,0,0,山东,m
昨天消费的柠檬水，3.32元。,2025-03-21 20:47:39+08:00,24,1,0,北京,m
感谢TV，我有知道了一家良心企业,2025-03-21 21:53:39+08:00,30,0,0,江西,m
upup,2025-03-22 20:41:10+08:00,0,1,0,广东,f
老婆我有一个号但是已经一年还是多久没玩了，五六十级的样子需要嘛,2025-03-22 20:41:18+08:00,0,5,0,湖南,f
老婆我有平时有个代肝姐姐做日常 不过一般是都是上午上线她 你可以补补活动啥的,2025-03-22 20:41:33+08:00,0,3,0,湖北,f
老婆我可以,2025-03-22 20:41:07+08:00,0,2,0,河南,f
党建，中！河南，中！双双都中了。,2025-03-22 20:21:26+08:00,42,1,0,上海,f
媒体：完了，抽错卡了，抽了张SSR,2025-03-22 20:23:04+08:00,14,1,0,江苏,m
全通了,2025-03-22 20:22:45+08:00,7,0,0,四川,f
这个药好不好，我吃了四年，我能不知道吗,2025-03-22 20:21:09+08:00,9,1,0,湖北,m
很好，更爱蜜雪了,2025-03-22 20:25:23+08:00,2,0,0,湖北,m
原来如此啊//@沈逸:很明显，那些疯狂撕咬的，就是冲着这个去的呗，要不然就🍋隔夜，至于么,2025-03-22 20:33:58+08:00,1,0,0,宁夏,f
做蛋炒饭的米饭，不隔夜我还不吃呢,2025-03-22 20:41:20+08:00,0,0,0,广东,f
怪不得。,2025-03-22 20:27:25+08:00,0,0,0,湖南,f
//@沈逸:很明显，那些疯狂撕咬的，就是冲着这个去的呗，要不然就🍋隔夜，至于么,2025-03-22 20:42:10+08:00,0,0,0,北京,f
又一个“人民企业”要诞生了吗？极好,2025-03-22 20:41:17+08:00,0,0,0,北京,m
山姆的过期牛奶怎么这群逼都禁声了,2025-03-21 20:23:18+08:00,799,19,0,重庆,m
我以前从没喝过蜜雪冰城，特意买了两杯。,2025-03-21 20:29:33+08:00,259,17,0,湖南,m
确实啊，查来查去就查到隔夜柠檬。。,2025-03-21 20:08:28+08:00,210,3,0,广东,m
媒体：众人皆夸我独骂，举世皆浊我清高,2025-03-21 20:09:37+08:00,139,4,0,河南,m
我看着冰箱里那半个放了一周的柠檬，还有前天剩的红烧肉，口水鸡陷入沉思！,2025-03-21 21:39:40+08:00,125,6,0,广东,m
气的我一个糖尿病患者都买了杯柠檬水感觉欺负到自己头上了,2025-03-21 22:21:07+08:00,61,4,0,吉林,m
这么便宜的价格还用真的水果，我觉得很良心了……,2025-03-21 20:31:24+08:00,71,1,0,江苏,f
支持 我以前还以为蜜雪冰城是科技才这么便宜,2025-03-21 21:10:03+08:00,39,0,0,山东,m
昨天消费的柠檬水，3.32元。,2025-03-21 20:47:39+08:00,24,1,0,北京,m
感谢TV，我有知道了一家良心企业,2025-03-21 21:53:39+08:00,30,0,0,江西,m
upup,2025-03-22 20:41:10+08:00,0,1,0,广东,f
老婆我有一个号但是已经一年还是多久没玩了，五六十级的样子需要嘛,2025-03-22 20:41:18+08:00,0,5,0,湖南,f
老婆我有平时有个代肝姐姐做日常 不过一般是都是上午上线她 你可以补补活动啥的,2025-03-22 20:41:33+08:00,0,3,0,湖北,f
老婆我可以,2025-03-22 20:41:07+08:00,0,2,0,河南,f
党建，中！河南，中！双双都中了。,2025-03-22 20:21:26+08:00,42,1,0,上海,f
媒体：完了，抽错卡了，抽了张SSR,2025-03-22 20:23:04+08:00,14,1,0,江苏,m
全通了,2025-03-22 20:22:45+08:00,7,0,0,四川,f
这个药好不好，我吃了四年，我能不知道吗,2025-03-22 20:21:09+08:00,9,1,0,湖北,m
很好，更爱蜜雪了,2025-03-22 20:25:23+08:00,2,0,0,湖北,m
原来如此啊//@沈逸:很明显，那些疯狂撕咬的，就是冲着这个去的呗，要不然就🍋隔夜，至于么,2025-03-22 20:33:58+08:00,1,0,0,宁夏,f
做蛋炒饭的米饭，不隔夜我还不吃呢,2025-03-22 20:41:20+08:00,0,0,0,广东,f
怪不得。,2025-03-22 20:27:25+08:00,0,0,0,湖南,f
//@沈逸:很明显，那些疯狂撕咬的，就是冲着这个去的呗，要不然就🍋隔夜，至于么,2025-03-22 20:42:10+08:00,0,0,0,北京,f
又一个“人民企业”要诞生了吗？极好,2025-03-22 20:41:17+08:00,0,0,0,北京,m
我看看我这有没有有我就试试,2025-03-22 20:46:40+08:00,0,2,0,上海,f
看看怎么回事,2025-03-22 10:42:07+08:00,2,1,0,上海,f
这是怎么回事,2025-03-22 10:38:53+08:00,2,1,0,上海,f
,2025-03-22 10:36:11+08:00,1,0,0,安徽,f
好玩,2025-03-22 10:36:08+08:00,1,0,0,安徽,f
可爱,2025-03-22 10:36:01+08:00,1,0,0,安徽,f
不会吧！,2025-03-22 12:15:07+08:00,0,0,0,北京,f
什么情况,2025-03-22 11:01:37+08:00,0,0,0,四川,f
咋回事啊,2025-03-22 10:47:41+08:00,0,0,0,广西,m
上午好！,2025-03-22 11:08:53+08:00,0,0,0,贵州,f
感谢分享,2025-03-22 10:46:19+08:00,0,0,0,江苏,f
我觉得那个香芋香精味太重了（虽然这个价格也不能要求什么。,2025-03-22 14:48:51+08:00,7,3,0,北京,f
我们这儿怎么没有,2025-03-22 14:47:23+08:00,0,3,0,河南,f
糯米是真的加进去了还是口感形容,2025-03-22 14:45:58+08:00,0,1,0,福建,f
？？？？出了我不知道的新口味啊啊啊啊,2025-03-22 14:45:14+08:00,1,0,0,湖南,f
同意！但是每次买他们都没有脆皮和糯米滋,2025-03-22 14:52:19+08:00,0,2,0,安徽,f
好怀念麦当劳的奶昔,2025-03-22 20:28:05+08:00,0,0,0,山东,f
对的对的！上回去买只吃到了布丁的好可惜,2025-03-22 17:50:54+08:00,0,0,0,四川,f
我们这没有看着好好吃啊…,2025-03-22 15:13:16+08:00,0,0,0,海南,f
好吃,2025-03-22 20:46:10+08:00,0,0,0,湖北,m
离我最近的那家只有布丁版,2025-03-22 19:29:56+08:00,0,0,0,湖北,f
虽然甜度飙升，但小雪的分量感我get到了，一贯的style嘛~,2025-03-22 20:52:17+08:00,0,0,0,北京,m
我觉得那个香芋香精味太重了（虽然这个价格也不能要求什么。,2025-03-22 14:48:51+08:00,7,3,0,北京,f
我们这儿怎么没有,2025-03-22 14:47:23+08:00,0,3,0,河南,f
糯米是真的加进去了还是口感形容,2025-03-22 14:45:58+08:00,0,1,0,福建,f
？？？？出了我不知道的新口味啊啊啊啊,2025-03-22 14:45:14+08:00,1,0,0,湖南,f
同意！但是每次买他们都没有脆皮和糯米滋,2025-03-22 14:52:19+08:00,0,2,0,安徽,f
好怀念麦当劳的奶昔,2025-03-22 20:28:05+08:00,0,0,0,山东,f
对的对的！上回去买只吃到了布丁的好可惜,2025-03-22 17:50:54+08:00,0,0,0,四川,f
我们这没有看着好好吃啊…,2025-03-22 15:13:16+08:00,0,0,0,海南,f
好吃,2025-03-22 20:46:10+08:00,0,0,0,湖北,m
离我最近的那家只有布丁版,2025-03-22 19:29:56+08:00,0,0,0,湖北,f
虽然甜度飙升，但小雪的分量感我get到了，一贯的style嘛~,2025-03-22 20:52:17+08:00,0,0,0,北京,m
为什么高德搜了一下，给我显示疑似关闭………我要去看！我要去参观！,2025-03-22 07:21:42+08:00,6,0,0,河南,f
查理的巧克力工厂即视化,2025-03-22 07:38:51+08:00,6,0,0,山东,f
卧槽，想去玩！,2025-03-22 16:46:13+08:00,0,0,0,北京,f
卧槽这个要是能去搞个联合主题党日还是有意思的,2025-03-22 14:31:13+08:00,1,0,0,重庆,m
好有趣,2025-03-22 07:17:46+08:00,1,0,0,陕西,f
想去,2025-03-22 17:28:50+08:00,0,0,0,江西,f
老家河南,2025-03-22 16:43:46+08:00,0,0,0,河南,f
这倒是的,2025-03-22 07:48:45+08:00,0,0,0,上海,f
哇蜜雪冰城大电影可以提上日程了吧,2025-03-22 07:41:45+08:00,1,0,0,安徽,f
居然在焦作。,2025-03-22 16:35:48+08:00,0,0,0,河南,m
哈哈哈哈哈哈哈哈哈 解气,2025-03-22 19:15:31+08:00,1,0,0,河南,m
建议看2D IMAX,2025-03-22 19:08:01+08:00,0,1,0,北京,m
回来的正是时候，现在哪吒imax的位置随便选，我去前两次位置都不是很理想。。准备3刷,2025-03-22 20:54:38+08:00,0,0,0,上海,m
哈哈哈哈回来了,2025-03-22 18:44:14+08:00,0,0,0,广东,f
哈哈哈第二条,2025-03-22 20:07:30+08:00,0,0,0,重庆,f
转发微博,2025-03-22 19:29:17+08:00,0,0,0,北京,m
哈哈哈哈哈哈,2025-03-22 19:58:28+08:00,0,0,0,北京,f
哈哈这个办法可以,2025-03-22 20:30:33+08:00,1,0,0,河南,f
太惨了,2025-03-22 20:29:25+08:00,1,1,0,浙江,f
这经历有点惨，不过可能店里有规定，以后工作可得注意点。,2025-03-22 20:22:24+08:00,1,0,0,江苏,m
@蜜雪冰城 店长是用来干什么的 还跟我说是新员工的问题 不想多说了,2025-03-22 20:30:18+08:00,0,0,0,浙江,f
下次来杯开心果，心情或许真就果绿了，生活嘛，加点料更有味~,2025-03-22 20:51:43+08:00,0,0,0,北京,m
吃点华莱士拉出来,2025-03-22 17:17:43+08:00,8,1,0,贵州,f
赶紧吃几个无骨鸡爪掏一掏,2025-03-22 17:26:44+08:00,6,1,0,山东,f
吃点华莱士打掉,2025-03-22 17:17:43+08:00,2,1,0,北京,f
严重误食（超级好吃）,2025-03-22 18:58:24+08:00,3,0,0,云南,f
哈哈哈哈哈一开始没明白什么意思，看评论区看明白了大家太逗了,2025-03-22 17:25:47+08:00,1,0,0,天津,f
再配点麦当劳调理下吧,2025-03-22 17:18:02+08:00,0,0,0,广东,f
喝杯奶茶压一压,2025-03-22 17:19:50+08:00,0,0,0,江西,f
吃个炸鸡压压惊,2025-03-22 17:17:44+08:00,0,0,0,辽宁,f
@蜜雪冰城 店长是用来干什么的 还跟我说是新员工的问题 不想多说了,2025-03-22 20:30:18+08:00,0,0,0,浙江,f
下次来杯开心果，心情或许真就果绿了，生活嘛，加点料更有味~,2025-03-22 20:51:43+08:00,0,0,0,北京,m
吃点华莱士拉出来,2025-03-22 17:17:43+08:00,8,1,0,贵州,f
赶紧吃几个无骨鸡爪掏一掏,2025-03-22 17:26:44+08:00,6,1,0,山东,f
吃点华莱士打掉,2025-03-22 17:17:43+08:00,2,1,0,北京,f
严重误食（超级好吃）,2025-03-22 18:58:24+08:00,3,0,0,云南,f
哈哈哈哈哈一开始没明白什么意思，看评论区看明白了大家太逗了,2025-03-22 17:25:47+08:00,1,0,0,天津,f
再配点麦当劳调理下吧,2025-03-22 17:18:02+08:00,0,0,0,广东,f
喝杯奶茶压一压,2025-03-22 17:19:50+08:00,0,0,0,江西,f
吃个炸鸡压压惊,2025-03-22 17:17:44+08:00,0,0,0,辽宁,f
这应该上315,2025-03-22 20:28:37+08:00,0,0,0,河南,m
那必须,2025-03-22 20:36:44+08:00,0,0,0,广东,m
这个主题好好看  在哪里拍的呀,2025-03-22 11:13:12+08:00,0,1,0,浙江,f
公主好美,2025-03-22 13:58:12+08:00,1,1,0,韩国,f
好棒,2025-03-22 20:45:33+08:00,0,0,0,北京,m
我滴个乖乖，真棒,2025-03-22 12:18:04+08:00,0,0,0,河南,m
好漂亮,2025-03-22 11:52:22+08:00,0,0,0,贵州,m
好美[小繁花][小繁花][小繁花][小繁花][小繁花][小繁花],2025-03-22 11:31:39+08:00,0,0,0,上海,m
柠檬水是蜜雪冰城唯一好喝的了，其他都很难喝,2025-03-21 23:12:13+08:00,246,116,0,广东,m
那个拿剑的雪王有点像……,2025-03-21 23:17:12+08:00,385,2,0,广东,m
报废柠檬再告你个浪费食物,2025-03-21 23:15:13+08:00,255,4,0,吉林,m
雪王摆平自己，其他摆平媒体,2025-03-21 23:12:24+08:00,167,0,0,江苏,m
这下每天浪费的就要超过94.5吨了,2025-03-21 23:31:37+08:00,94,3,0,福建,f
因为媒体公器私用想讹诈钱，每年几百吨柠檬就被浪费了。等等，食物浪费是比PUA逼人自杀还严重的罪行，这不是央视最近强调的吗？你们媒体TM的能不能要点脸?,2025-03-22 07:11:50+08:00,64,1,0,北京,m
我还是在继续喝三分糖的冰柠檬水，我喜欢喝这个口感,2025-03-22 08:05:36+08:00,11,4,0,北京,m
“我不认为这是高尚的”,2025-03-22 03:34:38+08:00,11,0,0,河南,m
信不信明年315媒体会抨击蜜雪每年浪费94.6吨的柠檬，明明柠檬没坏却要被扔掉,2025-03-22 08:08:30+08:00,19,0,0,河南,f
那当天闭店前可以去要用剩下的吗？,2025-03-22 02:43:32+08:00,4,1,0,北京,m
@跟着小狗就对了 没有熬夜的柠檬只有熬夜的打工人,2025-03-18 17:25:02+08:00,278,9,0,福建,f
哈哈哈哈，笑死，熬夜的柠檬🍋,2025-03-18 17:18:20+08:00,70,0,0,四川,f
熬夜柠檬,2025-03-18 16:36:26+08:00,21,0,0,北京,f
熬夜柠檬杯,2025-03-18 18:47:30+08:00,13,0,0,吉林,f
柠檬就不需要休息了嘛,2025-03-18 18:49:34+08:00,16,0,0,江苏,f
熬夜柠檬，哈哈哈,2025-03-18 23:12:28+08:00,2,0,0,安徽,f
可怜的打工人,2025-03-19 00:34:24+08:00,4,0,0,浙江,f
最终打工人承担了所有,2025-03-19 07:10:30+08:00,0,0,0,四川,f
,2025-03-18 22:06:07+08:00,0,0,0,山东,f
,2025-03-18 18:10:21+08:00,0,0,0,湖南,f
叮~！您使用 “蜜雪冰城” 发布的微博，已被超话君收录到您的专属超话 蜜雪冰城 中了凹~想知道粉丝们都在超话里聊些什么嘛~快来宠粉翻牌吧！直达现场&gt;&gt;  蜜雪冰城,2025-03-22 18:00:03+08:00,0,0,0,,m
到了桃子🍑的季节了吗？,2025-03-22 18:29:50+08:00,1,0,0,河南,f
第一,2025-03-22 18:01:01+08:00,1,0,0,北京,f
可爱嘻嘻！,2025-03-22 20:31:22+08:00,0,0,0,新疆,f
是有新品了嘛，雪王。又努力工作了一天,2025-03-22 18:42:51+08:00,0,0,0,天津,f
雪，看我名字,2025-03-22 18:10:15+08:00,0,0,0,陕西,m
我哭亖，雪王是真用水果啊,2025-03-22 18:02:31+08:00,0,0,0,湖南,f
雪王打工哈哈哈哈哈,2025-03-22 20:52:20+08:00,0,0,0,河南,f
再说一次！香芋大圣代！！,2025-03-22 20:49:25+08:00,0,0,0,四川,f
这吨位一车少拉半车🍑,2025-03-22 20:47:25+08:00,0,0,0,湖北,f
不够自由化是吧,2025-03-22 07:21:37+08:00,202,2,0,北京,m
原来是这样啊,2025-03-22 10:37:27+08:00,98,0,0,北京,f
越想黑蜜雪蜜雪更加红！！,2025-03-22 10:29:11+08:00,90,0,0,广东,m
哎～你别说～你还真别说。。。,2025-03-22 12:34:58+08:00,51,0,0,广东,f
真相大白,2025-03-22 15:07:08+08:00,29,0,0,广西,m
很有可能这就是那五学当记者时候就有的敲诈手段,2025-03-22 18:12:21+08:00,8,0,0,北京,f
yysy搞思想工作还是有一套的,2025-03-22 14:28:16+08:00,5,0,0,上海,f
拍马屁而已,2025-03-22 09:30:54+08:00,1,4,0,浙江,m
河南媒体不值得，建议搬来湖南,2025-03-22 09:33:49+08:00,6,3,0,湖南,f
居然很有说服力～,2025-03-22 14:36:15+08:00,12,0,0,上海,f
山姆的过期牛奶怎么这群逼都禁声了,2025-03-21 20:23:18+08:00,801,19,0,重庆,m
我以前从没喝过蜜雪冰城，特意买了两杯。,2025-03-21 20:29:33+08:00,260,17,0,湖南,m
确实啊，查来查去就查到隔夜柠檬。。,2025-03-21 20:08:28+08:00,210,3,0,广东,m
媒体：众人皆夸我独骂，举世皆浊我清高,2025-03-21 20:09:37+08:00,139,4,0,河南,m
我看着冰箱里那半个放了一周的柠檬，还有前天剩的红烧肉，口水鸡陷入沉思！,2025-03-21 21:39:40+08:00,125,6,0,广东,m
气的我一个糖尿病患者都买了杯柠檬水感觉欺负到自己头上了,2025-03-21 22:21:07+08:00,61,4,0,吉林,m
这么便宜的价格还用真的水果，我觉得很良心了……,2025-03-21 20:31:24+08:00,71,1,0,江苏,f
支持 我以前还以为蜜雪冰城是科技才这么便宜,2025-03-21 21:10:03+08:00,39,0,0,山东,m
昨天消费的柠檬水，3.32元。,2025-03-21 20:47:39+08:00,24,1,0,北京,m
感谢TV，我有知道了一家良心企业,2025-03-21 21:53:39+08:00,30,0,0,江西,m
泰山顶居然还有蜜雪冰城,2025-03-21 19:04:27+08:00,172,12,0,广东,m
我记得线下买是4块,2025-03-21 18:56:44+08:00,23,13,0,山东,m
泰山顶上水才4块放全国景区都算良心价了,2025-03-21 20:17:39+08:00,49,3,0,山东,f
河南也是，景区雪王只加一元钱,2025-03-21 19:20:19+08:00,54,0,0,广东,f
泰山是所有5A景区最良心的了,2025-03-21 21:05:57+08:00,16,1,0,山东,m
差不多吧，之前出去旅游，有个景区里边小小的水果盒10-15块一盒，矿泉水5块，冰鲜柠檬水也是5块。,2025-03-21 19:42:32+08:00,5,0,0,吉林,m
蜜雪事件就跟当年长城找比亚迪毛病，从里到外翻了个遍，最后就找出个高压油箱的问题。实在是挑不出大毛病了,2025-03-22 00:10:02+08:00,9,0,0,北京,m
我在三亚海角天涯逛的时候，别人卖那么贵，蜜雪冰城也没涨价,2025-03-21 22:15:29+08:00,8,0,0,山东,m
什么，泰山顶5块？卧槽,2025-03-21 20:50:08+08:00,3,0,0,上海,m
“甘露普济雪饮真君”,2025-03-22 11:40:41+08:00,3,0,0,江苏,m
我哥们儿，蜜雪冰城暑假工，一天炫了 14 个冰激凌，店长跟他打赌能吃10 个就给他排休一天，结果他自己吃了 14 个，店长跟老板说了，老板过来说再炫两个今天工资加 50 块钱，他二话不说炫了，当晚就高烧，然后就被开了（50 真给了,2025-03-22 01:19:24+08:00,356,6,0,北京,f
啊？我朋友试用前三天都没有工资，你老板还怪好的。,2025-03-22 03:56:01+08:00,52,8,0,广东,m
咱就还是说先跟他们混熟在喝呗，等熟了想喝多少喝多少,2025-03-22 09:55:40+08:00,74,3,0,江西,f
嘴巴是不是有点太馋了,2025-03-22 10:05:41+08:00,49,0,0,河南,m
怎么宝子还要发出来网暴自己呢,2025-03-22 11:04:06+08:00,41,0,0,湖北,f
有没有可能是你挑了最忙的时候给自己做奶茶！毕竟这种奶茶店不可能不让员工自喝，在最忙的时候摸鱼给自己做奶茶还无视自喝要求，可能才是真正被辞退的原因！包括你同事打小报告可能就是你没有按照要求自喝！一般来说小料奶茶多少无所谓，但是杯子是客用并且计数的！,2025-03-22 11:29:34+08:00,40,0,0,广东,f
我在蜜雪打工的时候，自带杯子随便喝不能用店里杯子，因为我们算账计数是根据杯子数量来算的,2025-03-22 10:57:17+08:00,42,0,0,贵州,f
这种第一天就占小便宜的，必须抓紧开了。第一天就喝奶茶，后面熟了不定顺你什么东西,2025-03-22 10:49:30+08:00,30,0,0,天津,m
到个新环境要观察一下规则吧，喝点事小，情商事大哇,2025-03-22 10:27:40+08:00,16,0,0,北京,m
给的数还蛮讲究的,2025-03-22 10:20:48+08:00,9,0,0,北京,m
分析到位,2025-03-22 10:29:56+08:00,0,0,0,浙江,f
蜜雪冰城价格比其他奶茶普遍低三分之一，我都不敢喝,2025-03-22 14:50:20+08:00,0,0,0,广东,m
今天四五个同事集体买雪王之前等于是喝咖啡的主,2025-03-21 18:22:31+08:00,1,0,0,陕西,m
想点柠檬水外卖都凑不够人头，二十起送得摇五个人！,2025-03-21 22:32:11+08:00,0,0,0,北京,f
“公共舆论与其花力气和网友battle蜜雪冰城的“隔夜柠檬”是否存在严重问题，不如将注意力放到对一些更深层次的问题的追踪上。相信届时人心依旧会齐齐站在敢于曝光问题、为民监督的舆论一边。”这句话说到我心里了～,2025-03-21 14:39:52+08:00,27,1,0,浙江,f
既然出现了错误就应该认真对待，扎扎实实去整改，整改后一定会迎来温暖的春天。,2025-03-21 15:02:23+08:00,2,0,0,宁夏,m
与其在“雪王”的争议中打转，舆论更应跳出对单一事件的过度聚焦，将目光投向更广泛的消费品安全问题。只有真正加强监管、提高行业标准、严惩违法行为，才能让消费者的每一分钱都换回相应的价值，每一次消费都获得应有的保障。,2025-03-21 15:08:21+08:00,1,0,0,,m
媒体监督企业抓好食品安全，这本身再正常不过，舆论力挺“再小的食品安全问题也不容忽视”这一立场也无可指摘，只不过当事件具体到蜜雪冰城这一特殊案例时，部分消费者心中那根守护“性价比之选”的敏感神经就被挑动了。,2025-03-21 15:08:08+08:00,0,0,0,,m
怎么就盯着雪王,2025-03-21 10:13:43+08:00,15,0,0,浙江,m
能把关注点放在卫生巾上么？都不知道能买哪个牌子了，这个月就得用呢,2025-03-21 15:44:34+08:00,5,0,0,河南,f
图片评论,2025-03-21 18:27:03+08:00,5,0,0,重庆,m
X龙鱼油罐车是不是更可怕一些啊,2025-03-22 07:49:59+08:00,1,0,0,四川,m
主要是雪王便宜呀，而且还真材实料，总比吃科技的好,2025-03-21 14:56:09+08:00,1,0,0,广东,m
马上去买蜜雪柠檬水,2025-03-21 19:46:51+08:00,0,0,0,浙江,m
再加两杯~明天下午开奖！,2025-03-22 19:45:42+08:00,1,0,0,上海,m
蛮好,2025-03-22 07:27:16+08:00,0,1,0,上海,m
失业好几年了,2025-03-22 05:07:41+08:00,0,0,0,辽宁,m
正在休息，前两年工作量太大，给自己放个小假,2025-03-22 02:20:31+08:00,0,2,0,辽宁,m
不行,2025-03-21 23:45:01+08:00,0,1,0,河南,f
说实话很累 就是每个月发工资给我打一剂强心 然后继续累,2025-03-21 23:17:44+08:00,0,1,0,福建,m
希望和绝望并存,2025-03-22 11:31:53+08:00,0,1,0,江苏,m
早安,2025-03-22 09:57:41+08:00,0,1,0,中国台湾,f
我要,2025-03-22 02:20:21+08:00,0,1,0,福建,f
活少钱少，大家都好,2025-03-21 23:54:17+08:00,0,1,0,广东,m
我们这有啊？甚至还有双炫。,2025-03-22 20:56:52+08:00,0,1,0,安徽,f
真的太像雪王了，尤其脸蛋圆圆的，可可爱爱的,2025-03-22 20:35:07+08:00,17,0,0,浙江,f
雪王那个弹幕好好笑,2025-03-22 20:35:33+08:00,4,0,0,重庆,f
哈哈哈真的,2025-03-22 20:36:53+08:00,0,0,0,陕西,f
今晚的母女情看哭了,2025-03-22 20:47:02+08:00,0,0,0,四川,m
真的,2025-03-22 20:39:19+08:00,0,0,0,湖北,f
支持雪雪,2025-03-22 20:57:48+08:00,0,0,0,河南,f
今天我这有满15抽奖，抽到一个杯子,2025-03-22 20:54:01+08:00,1,2,0,上海,f
嗨幕，为什么我没中！哦我没抽啊,2025-03-22 20:55:56+08:00,0,0,0,云南,f
我🙋🏻♂️,2025-03-22 20:42:48+08:00,1,0,0,山东,m
,2025-03-22 20:50:58+08:00,0,0,0,山东,m
,2025-03-22 20:51:44+08:00,0,0,0,山东,m
,2025-03-22 20:41:16+08:00,0,0,0,山东,f
,2025-03-22 20:35:43+08:00,0,0,0,湖北,m
为啥夹？,2025-03-22 21:01:02+08:00,0,0,0,上海,m
好嘛,2025-03-22 20:58:25+08:00,0,0,0,广东,m
铁粉？,2025-03-22 20:57:05+08:00,0,0,0,湖北,m
me,2025-03-22 20:53:11+08:00,0,0,0,北京,m
来试试,2025-03-22 20:52:49+08:00,0,0,0,江苏,m
不够自由化是吧,2025-03-22 07:21:37+08:00,203,2,0,北京,m
原来是这样啊,2025-03-22 10:37:27+08:00,99,0,0,北京,f
越想黑蜜雪蜜雪更加红！！,2025-03-22 10:29:11+08:00,90,0,0,广东,m
哎～你别说～你还真别说。。。,2025-03-22 12:34:58+08:00,51,0,0,广东,f
真相大白,2025-03-22 15:07:08+08:00,29,0,0,广西,m
很有可能这就是那五学当记者时候就有的敲诈手段,2025-03-22 18:12:21+08:00,8,0,0,北京,f
yysy搞思想工作还是有一套的,2025-03-22 14:28:16+08:00,5,0,0,上海,f
拍马屁而已,2025-03-22 09:30:54+08:00,1,4,0,浙江,m
河南媒体不值得，建议搬来湖南,2025-03-22 09:33:49+08:00,6,3,0,湖南,f
居然很有说服力～,2025-03-22 14:36:15+08:00,12,0,0,上海,f
蜜雪冰城的杯子太可爱，跳单也值得了！,2025-03-22 20:46:04+08:00,0,0,0,罗伯特聪明版,f
有没有我可以4的,2025-03-22 20:25:40+08:00,1,5,0,辽宁,f
试试,2025-03-22 20:18:29+08:00,0,2,0,广东,f
我要🈷️尼,2025-03-22 20:27:25+08:00,1,2,0,吉林,f
宝宝,2025-03-22 20:25:32+08:00,0,1,0,河南,m
我以为我被日了,2025-03-22 20:21:11+08:00,0,1,0,陕西,f
我以为我被日了,2025-03-22 20:20:19+08:00,0,1,0,安徽,f
带我约,2025-03-22 20:19:02+08:00,0,1,0,山东,f
谢谢,2025-03-22 20:18:25+08:00,0,1,0,江苏,f
我44,2025-03-22 20:22:59+08:00,0,1,0,重庆,f
怎么不带我兜风,2025-03-22 20:55:48+08:00,0,0,0,辽宁,f
圣代的诱惑谁能抵挡，不吃后悔系列，我猜你的味蕾现在正在跳舞,2025-03-22 20:44:48+08:00,0,0,0,罗伯特贱萌版,f
看来蜜雪要拿“最佳陪伴奖”来回报你的厚爱了，毕竟不是谁都愿意一天喝四杯的！,2025-03-22 20:44:47+08:00,0,0,0,罗伯特贱萌版,f
今天门口的蜜雪排队,2025-03-22 20:58:11+08:00,0,0,0,山东,m
山姆的过期牛奶怎么这群逼都禁声了,2025-03-21 20:23:18+08:00,802,19,0,重庆,m
我以前从没喝过蜜雪冰城，特意买了两杯。,2025-03-21 20:29:33+08:00,260,17,0,湖南,m
确实啊，查来查去就查到隔夜柠檬。。,2025-03-21 20:08:28+08:00,210,3,0,广东,m
媒体：众人皆夸我独骂，举世皆浊我清高,2025-03-21 20:09:37+08:00,139,4,0,河南,m
我看着冰箱里那半个放了一周的柠檬，还有前天剩的红烧肉，口水鸡陷入沉思！,2025-03-21 21:39:40+08:00,125,6,0,广东,m
气的我一个糖尿病患者都买了杯柠檬水感觉欺负到自己头上了,2025-03-21 22:21:07+08:00,61,4,0,吉林,m
这么便宜的价格还用真的水果，我觉得很良心了……,2025-03-21 20:31:24+08:00,71,1,0,江苏,f
支持 我以前还以为蜜雪冰城是科技才这么便宜,2025-03-21 21:10:03+08:00,39,0,0,山东,m
昨天消费的柠檬水，3.32元。,2025-03-21 20:47:39+08:00,24,1,0,北京,m
感谢TV，我有知道了一家良心企业,2025-03-21 21:53:39+08:00,30,0,0,江西,m
党建，中！河南，中！双双都中了。,2025-03-22 20:21:26+08:00,45,1,0,上海,f
媒体：完了，抽错卡了，抽了张SSR,2025-03-22 20:23:04+08:00,14,1,0,江苏,m
全通了,2025-03-22 20:22:45+08:00,7,0,0,四川,f
这个药好不好，我吃了四年，我能不知道吗,2025-03-22 20:21:09+08:00,10,1,0,湖北,m
很好，更爱蜜雪了,2025-03-22 20:25:23+08:00,2,0,0,湖北,m
原来如此啊//@沈逸:很明显，那些疯狂撕咬的，就是冲着这个去的呗，要不然就🍋隔夜，至于么,2025-03-22 20:33:58+08:00,1,0,0,宁夏,f
做蛋炒饭的米饭，不隔夜我还不吃呢,2025-03-22 20:41:20+08:00,0,1,0,广东,f
怪不得。,2025-03-22 20:27:25+08:00,0,0,0,湖南,f
我做柠檬水，一只柠檬用不掉，就是包上保鲜膜放冰箱的，完了，我要打倒我自己了,2025-03-22 21:00:25+08:00,0,0,0,安徽,f
以前没喝过，今天买了两杯，以后还会去消费,2025-03-22 20:58:49+08:00,0,0,0,辽宁,f
我看看我这有没有有我就试试,2025-03-22 20:46:40+08:00,0,2,0,上海,f
我看看我这有没有有我就试试,2025-03-22 20:46:40+08:00,0,2,0,上海,f
看看怎么回事,2025-03-22 10:42:07+08:00,2,1,0,上海,f
这是怎么回事,2025-03-22 10:38:53+08:00,2,1,0,上海,f
,2025-03-22 10:36:11+08:00,1,0,0,安徽,f
好玩,2025-03-22 10:36:08+08:00,1,0,0,安徽,f
可爱,2025-03-22 10:36:01+08:00,1,0,0,安徽,f
不会吧！,2025-03-22 12:15:07+08:00,0,0,0,北京,f
什么情况,2025-03-22 11:01:37+08:00,0,0,0,四川,f
咋回事啊,2025-03-22 10:47:41+08:00,0,0,0,广西,m
上午好！,2025-03-22 11:08:53+08:00,0,0,0,贵州,f
感谢分享,2025-03-22 10:46:19+08:00,0,0,0,江苏,f
我觉得那个香芋香精味太重了（虽然这个价格也不能要求什么。,2025-03-22 14:48:51+08:00,7,3,0,北京,f
我们这儿怎么没有,2025-03-22 14:47:23+08:00,0,3,0,河南,f
糯米是真的加进去了还是口感形容,2025-03-22 14:45:58+08:00,0,1,0,福建,f
？？？？出了我不知道的新口味啊啊啊啊,2025-03-22 14:45:14+08:00,1,0,0,湖南,f
同意！但是每次买他们都没有脆皮和糯米滋,2025-03-22 14:52:19+08:00,0,2,0,安徽,f
好怀念麦当劳的奶昔,2025-03-22 20:28:05+08:00,0,0,0,山东,f
对的对的！上回去买只吃到了布丁的好可惜,2025-03-22 17:50:54+08:00,0,0,0,四川,f
我们这没有看着好好吃啊…,2025-03-22 15:13:16+08:00,0,0,0,海南,f
好吃,2025-03-22 20:46:10+08:00,0,0,0,湖北,m
离我最近的那家只有布丁版,2025-03-22 19:29:56+08:00,0,0,0,湖北,f
虽然甜度飙升，但小雪的分量感我get到了，一贯的style嘛~,2025-03-22 20:52:17+08:00,0,0,0,北京,m
为什么高德搜了一下，给我显示疑似关闭………我要去看！我要去参观！,2025-03-22 07:21:42+08:00,6,0,0,河南,f
查理的巧克力工厂即视化,2025-03-22 07:38:51+08:00,6,0,0,山东,f
卧槽，想去玩！,2025-03-22 16:46:13+08:00,0,0,0,北京,f
卧槽这个要是能去搞个联合主题党日还是有意思的,2025-03-22 14:31:13+08:00,1,0,0,重庆,m
好有趣,2025-03-22 07:17:46+08:00,1,0,0,陕西,f
想去,2025-03-22 17:28:50+08:00,0,0,0,江西,f
老家河南,2025-03-22 16:43:46+08:00,0,0,0,河南,f
这倒是的,2025-03-22 07:48:45+08:00,0,0,0,上海,f
哇蜜雪冰城大电影可以提上日程了吧,2025-03-22 07:41:45+08:00,1,0,0,安徽,f
居然在焦作。,2025-03-22 16:35:48+08:00,0,0,0,河南,m
哈哈哈哈哈哈哈哈哈 解气,2025-03-22 19:15:31+08:00,1,0,0,河南,m
建议看2D IMAX,2025-03-22 19:08:01+08:00,0,1,0,北京,m
回来的正是时候，现在哪吒imax的位置随便选，我去前两次位置都不是很理想。。准备3刷,2025-03-22 20:54:38+08:00,0,0,0,上海,m
哈哈哈哈回来了,2025-03-22 18:44:14+08:00,0,0,0,广东,f
哈哈哈第二条,2025-03-22 20:07:30+08:00,0,0,0,重庆,f
转发微博,2025-03-22 19:29:17+08:00,0,0,0,北京,m
哈哈哈哈哈哈,2025-03-22 19:58:28+08:00,0,0,0,北京,f
哈哈这个办法可以,2025-03-22 20:30:33+08:00,1,0,0,河南,f
太惨了,2025-03-22 20:29:25+08:00,1,1,0,浙江,f
这经历有点惨，不过可能店里有规定，以后工作可得注意点。,2025-03-22 20:22:24+08:00,1,0,0,江苏,m
你爱我我爱你蜜雪冰城甜蜜蜜,2025-03-22 20:31:01+08:00,0,0,0,上海,m
哇，这是蜜雪冰城粉丝团团长上线了嘛？三个不同口味，这是要召唤神龙吗？🍦🎉,2025-03-22 20:30:13+08:00,0,0,0,北京,f
@蜜雪冰城 店长是用来干什么的 还跟我说是新员工的问题 不想多说了,2025-03-22 20:30:18+08:00,0,0,0,浙江,f
下次来杯开心果，心情或许真就果绿了，生活嘛，加点料更有味~,2025-03-22 20:51:43+08:00,0,0,0,北京,m
吃点华莱士拉出来,2025-03-22 17:17:43+08:00,8,1,0,贵州,f
赶紧吃几个无骨鸡爪掏一掏,2025-03-22 17:26:44+08:00,6,1,0,山东,f
吃点华莱士打掉,2025-03-22 17:17:43+08:00,2,1,0,北京,f
严重误食（超级好吃）,2025-03-22 18:58:24+08:00,3,0,0,云南,f
哈哈哈哈哈一开始没明白什么意思，看评论区看明白了大家太逗了,2025-03-22 17:25:47+08:00,1,0,0,天津,f
再配点麦当劳调理下吧,2025-03-22 17:18:02+08:00,0,0,0,广东,f
喝杯奶茶压一压,2025-03-22 17:19:50+08:00,0,0,0,江西,f
吃个炸鸡压压惊,2025-03-22 17:17:44+08:00,0,0,0,辽宁,f
@蜜雪冰城 店长是用来干什么的 还跟我说是新员工的问题 不想多说了,2025-03-22 20:30:18+08:00,0,0,0,浙江,f
下次来杯开心果，心情或许真就果绿了，生活嘛，加点料更有味~,2025-03-22 20:51:43+08:00,0,0,0,北京,m
吃点华莱士拉出来,2025-03-22 17:17:43+08:00,8,1,0,贵州,f
赶紧吃几个无骨鸡爪掏一掏,2025-03-22 17:26:44+08:00,6,1,0,山东,f
吃点华莱士打掉,2025-03-22 17:17:43+08:00,2,1,0,北京,f
严重误食（超级好吃）,2025-03-22 18:58:24+08:00,3,0,0,云南,f
哈哈哈哈哈一开始没明白什么意思，看评论区看明白了大家太逗了,2025-03-22 17:25:47+08:00,1,0,0,天津,f
再配点麦当劳调理下吧,2025-03-22 17:18:02+08:00,0,0,0,广东,f
喝杯奶茶压一压,2025-03-22 17:19:50+08:00,0,0,0,江西,f
吃个炸鸡压压惊,2025-03-22 17:17:44+08:00,0,0,0,辽宁,f
这应该上315,2025-03-22 20:28:37+08:00,0,0,0,河南,m
那必须,2025-03-22 20:36:44+08:00,0,0,0,广东,m
这个主题好好看  在哪里拍的呀,2025-03-22 11:13:12+08:00,0,1,0,浙江,f
公主好美,2025-03-22 13:58:12+08:00,1,1,0,韩国,f
好棒,2025-03-22 20:45:33+08:00,0,0,0,北京,m
我滴个乖乖，真棒,2025-03-22 12:18:04+08:00,0,0,0,河南,m
好漂亮,2025-03-22 11:52:22+08:00,0,0,0,贵州,m
好美[小繁花][小繁花][小繁花][小繁花][小繁花][小繁花],2025-03-22 11:31:39+08:00,0,0,0,上海,m
叮~！您使用 “蜜雪冰城” 发布的微博，已被超话君收录到您的专属超话 蜜雪冰城 中了凹~想知道粉丝们都在超话里聊些什么嘛~快来宠粉翻牌吧！直达现场&gt;&gt;  蜜雪冰城,2025-03-22 18:00:03+08:00,0,0,0,,m
到了桃子🍑的季节了吗？,2025-03-22 18:29:50+08:00,1,0,0,河南,f
第一,2025-03-22 18:01:01+08:00,1,0,0,北京,f
可爱嘻嘻！,2025-03-22 20:31:22+08:00,0,0,0,新疆,f
是有新品了嘛，雪王。又努力工作了一天,2025-03-22 18:42:51+08:00,0,0,0,天津,f
雪，看我名字,2025-03-22 18:10:15+08:00,0,0,0,陕西,m
我哭亖，雪王是真用水果啊,2025-03-22 18:02:31+08:00,0,0,0,湖南,f
雪王打工哈哈哈哈哈,2025-03-22 20:52:20+08:00,0,0,0,河南,f
再说一次！香芋大圣代！！,2025-03-22 20:49:25+08:00,0,0,0,四川,f
这吨位一车少拉半车🍑,2025-03-22 20:47:25+08:00,0,0,0,湖北,f
绿豆的略甜,2025-03-22 20:19:06+08:00,0,0,0,山东,f
葡萄雪芭好吃,2025-03-22 20:18:58+08:00,0,0,0,山东,f
超级可爱的柚子宝宝,2025-03-22 20:42:07+08:00,0,0,0,四川,f
柚子,2025-03-22 20:05:30+08:00,0,0,0,河南,f
好吃吗胖儿,2025-03-22 20:00:16+08:00,0,0,0,河北,f
柚子旁边的小朋友怎么这么像外婆呀？,2025-03-22 19:30:11+08:00,0,0,0,北京,f
妈呀 好乖 姨姨想rua 一下,2025-03-22 19:03:34+08:00,0,0,0,四川,f
这个脆皮圣代是真的好吃,2025-03-22 18:49:57+08:00,0,0,0,江苏,f
柚子越来越可爱了,2025-03-22 18:43:38+08:00,0,0,0,重庆,f
,2025-03-22 18:31:26+08:00,0,0,0,甘肃,f
🍋:我通宵怎么了,2025-03-22 18:30:19+08:00,0,0,0,广西,f
偶遇可爱宝,2025-03-22 18:29:29+08:00,0,0,0,浙江,f
这样说不公平，315又不是只揭露这一家企业，连三大运营商都挑了，全国哪家媒体干过？,2025-03-22 20:20:50+08:00,0,2,0,广东,m
大家没想到它真的有柠檬啊！,2025-03-22 20:41:32+08:00,0,0,0,江苏,m
我去！好运千千！,2025-03-22 20:15:51+08:00,0,1,0,北京,m
蜜雪的桃喜芒芒我还真觉得蛮好喝的 而且只要6r,2025-03-22 20:23:39+08:00,0,0,0,浙江,f
支持,2025-03-22 20:37:10+08:00,0,0,0,云南,m
隔夜柠檬，蜜雪冰城，一杯透心凉！,2025-03-22 20:15:58+08:00,0,0,0,罗伯特聪明版,f
啊啊看着好好吃，我们这里没有葡萄味雪糕,2025-03-22 20:12:59+08:00,0,1,0,江西,m
建议全国推广好想吃,2025-03-22 20:12:52+08:00,0,1,0,福建,f
我也想吃我这边没有,2025-03-22 20:15:29+08:00,0,1,0,湖南,f
我们这只有芋泥口味的 感觉好好吃,2025-03-22 20:13:20+08:00,0,1,0,江苏,f
互铁粉的来。晚上统一回。,2025-03-22 13:40:32+08:00,0,0,0,江苏,m
蜜雪冰城还行,2025-03-22 20:44:43+08:00,1,0,0,山东,m
蜜雪冰城通过一系列成功的营销手段，塑造了极具亲和力的品牌形象。,2025-03-22 19:07:17+08:00,1,0,0,福建,m
晚上好呀,2025-03-22 20:57:44+08:00,0,0,0,广东,f
感谢分享,2025-03-22 20:57:43+08:00,0,0,0,上海,f
翟老师有没有喝,2025-03-22 20:50:53+08:00,0,0,0,广西,f
周末愉快,2025-03-22 20:49:09+08:00,0,0,0,山东,f
ccc呀,2025-03-22 20:46:09+08:00,0,0,0,江西,f
晚安安好梦,2025-03-22 20:44:36+08:00,0,0,0,辽宁,f
感谢分享,2025-03-22 20:43:03+08:00,0,0,0,山东,f
冰淇淋没翻车，黑暗料理绝绝子！,2025-03-22 20:10:10+08:00,0,2,0,北京,m
啊～,2025-03-22 20:46:42+08:00,0,0,0,江苏,f
果然还是wb吃得好，有照片,2025-03-22 20:22:59+08:00,0,1,0,广东,m
嘿嘿今天我也去玄武湖了！,2025-03-22 20:55:28+08:00,0,0,0,江苏,f
这个好吃不宝宝[熊貓]我也想吃我也想吃,2025-03-22 20:17:58+08:00,0,2,0,北京,f
陪一个,2025-03-22 21:02:27+08:00,0,1,0,广东,f
这个真的好好吃,2025-03-22 20:26:27+08:00,0,1,0,辽宁,m
好吃,2025-03-22 20:12:58+08:00,0,1,0,浙江,m
这也太小了是不是被坑了,2025-03-22 20:08:41+08:00,0,1,0,陕西,f
而且蜜雪冰城还自带文化IP……后续能衍生出一系列的新产品…,2025-03-19 19:56:26+08:00,337,6,0,北京,f
我不懂金融，但这个表，看的我还蛮感动…原料包材100%自给自足…意味着，他得包多少亩的柠檬树，包多少亩的茶田…这不就是扎扎实实提供了就业机会？就是加盟商回本慢点…但慢慢来…雪王，厉害了,2025-03-20 12:32:40+08:00,284,2,0,广东,f
如果报表没问题的话，相当厉害了,2025-03-19 20:57:33+08:00,57,3,0,安徽,f
有科代表总结一下吗,2025-03-20 13:01:52+08:00,3,3,0,广东,f
居然门店第一？超过麦麦？,2025-03-21 18:53:16+08:00,1,5,0,广东,f
我的天啊，太会赚了，怎么这么聪明啊,2025-03-20 12:55:22+08:00,12,0,0,云南,f
真的太厉害了雪王//@巫婆的葱:我不懂金融，但这个表，看的我还蛮感动…原料包材100%自给自足…意味着，他得包多少亩的柠檬树，包多少亩的茶田…这不就是扎扎实实提供了就业机会？就是加盟商回本慢点…但慢慢来…雪王，厉害了,2025-03-21 19:34:42+08:00,0,0,0,黑龙江,f
为雪王打call,2025-03-20 12:35:46+08:00,3,0,0,北京,f
现在适合加盟开一家雪王吗,2025-03-20 15:55:26+08:00,0,1,0,四川,m
蜜雪旗下还有极拉图，也好吃,2025-03-21 11:52:42+08:00,1,0,0,河南,f
乖巧懂事的崽崽谁不爱呢，给他打call！蜜雪冰城，甜蜜蜜~,2025-03-22 14:59:22+08:00,3,3,0,吃瓜罗伯特,f
是啊,2025-03-22 15:11:25+08:00,2,2,0,中国台湾,f
我也想说中间好远,2025-03-22 15:11:29+08:00,4,1,0,山东,f
看完以后就知道谁是老婆谁是兄弟了,2025-03-22 15:15:10+08:00,5,1,0,福建,f
拍视频很有分寸感 氛围感一点不一样,2025-03-22 15:19:21+08:00,5,0,0,天津,f
这个分寸感值得点赞，看得我瞬间心情舒畅,2025-03-22 18:28:39+08:00,0,0,0,湖北,m
有分寸感是指特意在微博发my type 给妈妈看吗？妈妈知道了。,2025-03-22 15:42:27+08:00,0,0,0,浙江,f
不如我们来交流一下大学食堂的卫生呢,2025-03-18 12:09:42+08:00,3327,51,0,广东,f
我要举报我公婆，在冰箱里放了三年的羊肉才勉强舍得拿出来吃。,2025-03-18 07:47:50+08:00,2085,50,0,北京,m
信雪王，得永生,2025-03-19 11:27:57+08:00,264,3,0,浙江,m
宗教食品去卧底试试？,2025-03-18 12:01:11+08:00,668,22,0,北京,m
怎么说呢。你应该查查我妈。年三十的菜热到初六亲戚来串门才做新菜。,2025-03-18 03:57:10+08:00,662,56,0,广东,m
你最后一张图是什么意思,2025-03-18 15:35:00+08:00,40,18,0,安徽,m
大冬天的柠檬切开放一晚上其实真的没什么，柠檬酸也是工业中常用的防腐剂之一,2025-03-17 23:12:22+08:00,666,149,0,江苏,m
比蜜雪冰城问题严重了的食品安全问题多了去了，你搞这个糊弄谁呢,2025-03-18 07:39:21+08:00,920,43,0,江苏,m
与其喝十几块一杯的工业勾兑柠檬水还不如继续喝蜜雪的隔夜柠檬片,2025-03-18 01:32:12+08:00,698,11,0,广东,m
喝啊，人家雪王至少是货真价实的真柠檬🍋，不像有的翻新卫生巾,2025-03-17 23:41:14+08:00,365,0,0,西藏,f
柠檬水是蜜雪冰城唯一好喝的了，其他都很难喝,2025-03-21 23:12:13+08:00,247,116,0,广东,m
那个拿剑的雪王有点像……,2025-03-21 23:17:12+08:00,385,2,0,广东,m
报废柠檬再告你个浪费食物,2025-03-21 23:15:13+08:00,255,4,0,吉林,m
雪王摆平自己，其他摆平媒体,2025-03-21 23:12:24+08:00,167,0,0,江苏,m
这下每天浪费的就要超过94.5吨了,2025-03-21 23:31:37+08:00,94,3,0,福建,f
因为媒体公器私用想讹诈钱，每年几百吨柠檬就被浪费了。等等，食物浪费是比PUA逼人自杀还严重的罪行，这不是央视最近强调的吗？你们媒体TM的能不能要点脸?,2025-03-22 07:11:50+08:00,64,1,0,北京,m
我还是在继续喝三分糖的冰柠檬水，我喜欢喝这个口感,2025-03-22 08:05:36+08:00,11,4,0,北京,m
“我不认为这是高尚的”,2025-03-22 03:34:38+08:00,11,0,0,河南,m
信不信明年315媒体会抨击蜜雪每年浪费94.6吨的柠檬，明明柠檬没坏却要被扔掉,2025-03-22 08:08:30+08:00,19,0,0,河南,f
那当天闭店前可以去要用剩下的吗？,2025-03-22 02:43:32+08:00,4,1,0,北京,m
@跟着小狗就对了 没有熬夜的柠檬只有熬夜的打工人,2025-03-18 17:25:02+08:00,278,9,0,福建,f
哈哈哈哈，笑死，熬夜的柠檬🍋,2025-03-18 17:18:20+08:00,70,0,0,四川,f
熬夜柠檬,2025-03-18 16:36:26+08:00,21,0,0,北京,f
熬夜柠檬杯,2025-03-18 18:47:30+08:00,13,0,0,吉林,f
柠檬就不需要休息了嘛,2025-03-18 18:49:34+08:00,16,0,0,江苏,f
熬夜柠檬，哈哈哈,2025-03-18 23:12:28+08:00,2,0,0,安徽,f
可怜的打工人,2025-03-19 00:34:24+08:00,4,0,0,浙江,f
最终打工人承担了所有,2025-03-19 07:10:30+08:00,0,0,0,四川,f
,2025-03-18 22:06:07+08:00,0,0,0,山东,f
,2025-03-18 18:10:21+08:00,0,0,0,湖南,f
我觉得那个香芋香精味太重了（虽然这个价格也不能要求什么。,2025-03-22 14:48:51+08:00,7,3,0,北京,f
我们这儿怎么没有,2025-03-22 14:47:23+08:00,0,3,0,河南,f
糯米是真的加进去了还是口感形容,2025-03-22 14:45:58+08:00,0,1,0,福建,f
？？？？出了我不知道的新口味啊啊啊啊,2025-03-22 14:45:14+08:00,1,0,0,湖南,f
同意！但是每次买他们都没有脆皮和糯米滋,2025-03-22 14:52:19+08:00,0,2,0,安徽,f
好怀念麦当劳的奶昔,2025-03-22 20:28:05+08:00,0,0,0,山东,f
对的对的！上回去买只吃到了布丁的好可惜,2025-03-22 17:50:54+08:00,0,0,0,四川,f
我们这没有看着好好吃啊…,2025-03-22 15:13:16+08:00,0,0,0,海南,f
好吃,2025-03-22 20:46:10+08:00,0,0,0,湖北,m
离我最近的那家只有布丁版,2025-03-22 19:29:56+08:00,0,0,0,湖北,f
叮~！您使用 “蜜雪冰城” 发布的微博，已被超话君收录到您的专属超话 蜜雪冰城 中了凹~想知道粉丝们都在超话里聊些什么嘛~快来宠粉翻牌吧！直达现场&gt;&gt;  蜜雪冰城,2025-03-22 18:00:03+08:00,0,0,0,,m
到了桃子🍑的季节了吗？,2025-03-22 18:29:50+08:00,1,0,0,河南,f
第一,2025-03-22 18:01:01+08:00,1,0,0,北京,f
可爱嘻嘻！,2025-03-22 20:31:22+08:00,0,0,0,新疆,f
是有新品了嘛，雪王。又努力工作了一天,2025-03-22 18:42:51+08:00,0,0,0,天津,f
雪，看我名字,2025-03-22 18:10:15+08:00,0,0,0,陕西,m
我哭亖，雪王是真用水果啊,2025-03-22 18:02:31+08:00,0,0,0,湖南,f
雪王打工哈哈哈哈哈,2025-03-22 20:52:20+08:00,0,0,0,河南,f
再说一次！香芋大圣代！！,2025-03-22 20:49:25+08:00,0,0,0,四川,f
这吨位一车少拉半车🍑,2025-03-22 20:47:25+08:00,0,0,0,湖北,f
看看怎么回事,2025-03-22 10:42:07+08:00,2,1,0,上海,f
这是怎么回事,2025-03-22 10:38:53+08:00,2,1,0,上海,f
,2025-03-22 10:36:11+08:00,1,0,0,安徽,f
好玩,2025-03-22 10:36:08+08:00,1,0,0,安徽,f
可爱,2025-03-22 10:36:01+08:00,1,0,0,安徽,f
不会吧！,2025-03-22 12:15:07+08:00,0,0,0,北京,f
什么情况,2025-03-22 11:01:37+08:00,0,0,0,四川,f
咋回事啊,2025-03-22 10:47:41+08:00,0,0,0,广西,m
上午好！,2025-03-22 11:08:53+08:00,0,0,0,贵州,f
感谢分享,2025-03-22 10:46:19+08:00,0,0,0,江苏,f
互铁粉的来。晚上统一回。,2025-03-22 13:40:32+08:00,0,0,0,江苏,m
蜜雪冰城还行,2025-03-22 20:44:43+08:00,1,0,0,山东,m
蜜雪冰城通过一系列成功的营销手段，塑造了极具亲和力的品牌形象。,2025-03-22 19:07:17+08:00,1,0,0,福建,m
谢谢博主的分享,2025-03-22 21:07:53+08:00,0,0,0,山东,f
每天都要开心呀宝宝🍬,2025-03-22 21:06:02+08:00,0,0,0,河南,f
谢谢分享,2025-03-22 21:04:38+08:00,0,0,0,江西,f
晚上好呀,2025-03-22 20:57:44+08:00,0,0,0,广东,f
感谢分享,2025-03-22 20:57:43+08:00,0,0,0,上海,f
翟老师有没有喝,2025-03-22 20:50:53+08:00,0,0,0,广西,f
周末愉快,2025-03-22 20:49:09+08:00,0,0,0,山东,f
想吃,2025-03-22 12:00:27+08:00,7,1,0,辽宁,f
@春春怎么啦,2025-03-22 12:01:40+08:00,1,1,0,陕西,f
@萝漫诗- @-shocking_ @勾勾贝儿_7a @sslleeeeppppppp @遇绪语 @小王子星球9号 @小貓純性- 我要吃,2025-03-22 12:46:46+08:00,1,9,0,四川,f
想吃,2025-03-22 12:00:59+08:00,2,0,0,上海,f
呵呵,2025-03-22 13:36:13+08:00,1,0,0,广东,f
想吃,2025-03-22 12:51:55+08:00,1,0,0,河南,m
好好吃,2025-03-22 12:43:55+08:00,1,0,0,福建,m
我大吃一口,2025-03-22 12:41:45+08:00,1,0,0,湖南,f
@7Shark_Theo 老公人家想吃这个,2025-03-22 12:40:55+08:00,2,1,0,山西,f
馋死我,2025-03-22 12:04:31+08:00,1,0,0,上海,m
不够自由化是吧,2025-03-22 07:21:37+08:00,211,2,0,北京,m
原来是这样啊,2025-03-22 10:37:27+08:00,103,0,0,北京,f
越想黑蜜雪蜜雪更加红！！,2025-03-22 10:29:11+08:00,93,0,0,广东,m
哎～你别说～你还真别说。。。,2025-03-22 12:34:58+08:00,51,0,0,广东,f
真相大白,2025-03-22 15:07:08+08:00,30,0,0,广西,m
拍马屁而已,2025-03-22 09:30:54+08:00,1,6,0,浙江,m
很有可能这就是那五学当记者时候就有的敲诈手段,2025-03-22 18:12:21+08:00,9,0,0,北京,f
yysy搞思想工作还是有一套的,2025-03-22 14:28:16+08:00,5,0,0,上海,f
河南媒体不值得，建议搬来湖南,2025-03-22 09:33:49+08:00,6,3,0,湖南,f
居然很有说服力～,2025-03-22 14:36:15+08:00,12,0,0,上海,f
超级可爱的柚子宝宝,2025-03-22 20:42:07+08:00,0,0,0,四川,f
柚子,2025-03-22 20:05:30+08:00,0,0,0,河南,f
好吃吗胖儿,2025-03-22 20:00:16+08:00,0,0,0,河北,f
柚子旁边的小朋友怎么这么像外婆呀？,2025-03-22 19:30:11+08:00,0,0,0,北京,f
妈呀 好乖 姨姨想rua 一下,2025-03-22 19:03:34+08:00,0,0,0,四川,f
这个脆皮圣代是真的好吃,2025-03-22 18:49:57+08:00,0,0,0,江苏,f
柚子越来越可爱了,2025-03-22 18:43:38+08:00,0,0,0,重庆,f
,2025-03-22 18:31:26+08:00,0,0,0,甘肃,f
🍋:我通宵怎么了,2025-03-22 18:30:19+08:00,0,0,0,广西,f
偶遇可爱宝,2025-03-22 18:29:29+08:00,0,0,0,浙江,f
只有我认真回答问题，因为蜜雪的柠檬茶太难喝别说四块倒贴四块也不想喝，喝奶茶是放松不是受罪,2025-03-22 20:28:03+08:00,0,5,0,上海,f
因为上海人没品位,2025-03-21 23:51:15+08:00,0,7,0,上海,m
一个全是苏北人的城市就这样,2025-03-21 23:51:26+08:00,0,0,0,上海,m
难道不是因为租金贵，利润低不能覆盖租金吗。,2025-03-22 19:34:59+08:00,2,0,0,北京,m
因为上海不搞性价比，假清高和臭无知比较多，只能喝五十左右的星巴克，,2025-03-22 19:57:49+08:00,0,2,0,广东,m
广州很多蜜雪冰城啊,2025-03-22 18:30:07+08:00,0,1,0,广东,m
上海遍地都是。,2025-03-22 18:22:12+08:00,3,0,0,上海,m
图片评论,2025-03-22 17:07:51+08:00,0,0,0,湖北,m
寸土寸金的静安寺边上都有。怎么做不起来了？,2025-03-22 19:54:37+08:00,2,0,0,上海,f
啊？上海开不动？蜜雪冰城？nmd不是遍地都是蜜雪冰城吗？,2025-03-22 20:58:56+08:00,0,0,0,上海,m
真的太像雪王了，尤其脸蛋圆圆的，可可爱爱的,2025-03-22 20:35:07+08:00,21,0,0,浙江,f
雪王那个弹幕好好笑,2025-03-22 20:35:33+08:00,6,0,0,重庆,f
哈哈哈真的,2025-03-22 20:36:53+08:00,0,0,0,陕西,f
今晚的母女情看哭了,2025-03-22 20:47:02+08:00,0,0,0,四川,m
真的,2025-03-22 20:39:19+08:00,0,0,0,湖北,f
党建，中！河南，中！双双都中了。,2025-03-22 20:21:26+08:00,48,1,0,上海,f
媒体：完了，抽错卡了，抽了张SSR,2025-03-22 20:23:04+08:00,15,1,0,江苏,m
全通了,2025-03-22 20:22:45+08:00,7,0,0,四川,f
这个药好不好，我吃了四年，我能不知道吗,2025-03-22 20:21:09+08:00,10,1,0,湖北,m
做蛋炒饭的米饭，不隔夜我还不吃呢,2025-03-22 20:41:20+08:00,1,3,0,广东,f
很好，更爱蜜雪了,2025-03-22 20:25:23+08:00,2,0,0,湖北,m
原来如此啊//@沈逸:很明显，那些疯狂撕咬的，就是冲着这个去的呗，要不然就🍋隔夜，至于么,2025-03-22 20:33:58+08:00,1,0,0,宁夏,f
怪不得。,2025-03-22 20:27:25+08:00,0,0,0,湖南,f
🍋茶原料会放冰箱明天再泡一两杯不是我一个人这么玩阿,2025-03-22 21:06:26+08:00,0,0,0,广西,m
我做柠檬水，一只柠檬用不掉，就是包上保鲜膜放冰箱的，完了，我要打倒我自己了,2025-03-22 21:00:25+08:00,0,0,0,安徽,f
好的谢谢宝宝 我最爱蜜雪冰城了,2025-03-22 15:36:05+08:00,0,2,0,江西,f
,2025-03-22 17:57:58+08:00,0,1,0,山东,f
没听说过 很高端嘛,2025-03-22 15:32:00+08:00,0,1,0,河北,f
好 我喝,2025-03-22 15:21:00+08:00,0,1,0,广东,m
已喝到,2025-03-22 15:06:43+08:00,0,1,0,广东,m
我这辈子就等着喝了,2025-03-22 17:34:48+08:00,0,1,0,广东,f
立马买了一个香芋脆皮奶布丁圣代真好吃,2025-03-22 18:15:26+08:00,0,0,0,黑龙江,f
再加两杯~明天下午开奖！,2025-03-22 19:45:42+08:00,1,0,0,上海,m
蛮好,2025-03-22 07:27:16+08:00,0,1,0,上海,m
失业好几年了,2025-03-22 05:07:41+08:00,0,0,0,辽宁,m
正在休息，前两年工作量太大，给自己放个小假,2025-03-22 02:20:31+08:00,0,2,0,辽宁,m
不行,2025-03-21 23:45:01+08:00,0,1,0,河南,f
说实话很累 就是每个月发工资给我打一剂强心 然后继续累,2025-03-21 23:17:44+08:00,0,1,0,福建,m
希望和绝望并存,2025-03-22 11:31:53+08:00,0,1,0,江苏,m
早安,2025-03-22 09:57:41+08:00,0,1,0,中国台湾,f
我要,2025-03-22 02:20:21+08:00,0,1,0,福建,f
活少钱少，大家都好,2025-03-21 23:54:17+08:00,0,1,0,广东,m
我们这有啊？甚至还有双炫。,2025-03-22 20:56:52+08:00,0,1,0,安徽,f
,2025-03-22 21:07:11+08:00,0,0,0,江西,f
,2025-03-22 21:03:11+08:00,0,0,0,湖南,f
支持雪雪,2025-03-22 20:57:48+08:00,0,0,0,河南,f
高端的瑞幸，亲民的蜜雪，绝配组合！,2025-03-22 21:09:36+08:00,0,0,0,北京,f
今天我这有满15抽奖，抽到一个杯子,2025-03-22 20:54:01+08:00,1,2,0,上海,f
有我,2025-03-22 21:04:46+08:00,0,0,0,福建,m
嗨幕，为什么我没中！哦我没抽啊,2025-03-22 20:55:56+08:00,0,0,0,云南,f
今天我这有满15抽奖，抽到一个杯子,2025-03-22 20:54:01+08:00,1,2,0,上海,f
有我,2025-03-22 21:04:46+08:00,0,0,0,福建,m
嗨幕，为什么我没中！哦我没抽啊,2025-03-22 20:55:56+08:00,0,0,0,云南,f
刚进城 喝的是星九克吗 好高级,2025-03-22 21:09:54+08:00,0,0,0,湖北,f
,2025-03-22 20:50:58+08:00,0,1,0,山东,m
我🙋🏻♂️,2025-03-22 20:42:48+08:00,1,0,0,山东,m
我来,2025-03-22 21:07:07+08:00,0,0,0,广西,m
,2025-03-22 20:51:44+08:00,0,0,0,山东,m
,2025-03-22 20:41:16+08:00,0,0,0,山东,f
,2025-03-22 20:35:43+08:00,0,0,0,湖北,m
这也➕…,2025-03-22 21:09:45+08:00,0,0,0,江苏,f
整一杯,2025-03-22 21:04:08+08:00,0,0,0,湖北,m
为啥夹？,2025-03-22 21:01:02+08:00,0,0,0,上海,m
好嘛,2025-03-22 20:58:25+08:00,0,0,0,广东,m
不够自由化是吧,2025-03-22 07:21:37+08:00,212,2,0,北京,m
原来是这样啊,2025-03-22 10:37:27+08:00,103,0,0,北京,f
越想黑蜜雪蜜雪更加红！！,2025-03-22 10:29:11+08:00,93,0,0,广东,m
哎～你别说～你还真别说。。。,2025-03-22 12:34:58+08:00,51,0,0,广东,f
真相大白,2025-03-22 15:07:08+08:00,30,0,0,广西,m
拍马屁而已,2025-03-22 09:30:54+08:00,1,6,0,浙江,m
很有可能这就是那五学当记者时候就有的敲诈手段,2025-03-22 18:12:21+08:00,9,0,0,北京,f
yysy搞思想工作还是有一套的,2025-03-22 14:28:16+08:00,5,0,0,上海,f
河南媒体不值得，建议搬来湖南,2025-03-22 09:33:49+08:00,6,3,0,湖南,f
居然很有说服力～,2025-03-22 14:36:15+08:00,12,0,0,上海,f
蜜雪冰城的杯子太可爱，跳单也值得了！,2025-03-22 20:46:04+08:00,0,0,0,罗伯特聪明版,f
有没有我可以4的,2025-03-22 20:25:40+08:00,1,5,0,辽宁,f
试试,2025-03-22 20:18:29+08:00,0,2,0,广东,f
我要🈷️尼,2025-03-22 20:27:25+08:00,1,2,0,吉林,f
宝宝,2025-03-22 20:25:32+08:00,0,1,0,河南,m
我以为我被日了,2025-03-22 20:21:11+08:00,0,1,0,陕西,f
我以为我被日了,2025-03-22 20:20:19+08:00,0,1,0,安徽,f
带我约,2025-03-22 20:19:02+08:00,0,1,0,山东,f
谢谢,2025-03-22 20:18:25+08:00,0,1,0,江苏,f
我44,2025-03-22 20:22:59+08:00,0,1,0,重庆,f
怎么不带我兜风,2025-03-22 20:55:48+08:00,0,0,0,辽宁,f
圣代的诱惑谁能抵挡，不吃后悔系列，我猜你的味蕾现在正在跳舞,2025-03-22 20:44:48+08:00,0,0,0,罗伯特贱萌版,f
看来蜜雪要拿“最佳陪伴奖”来回报你的厚爱了，毕竟不是谁都愿意一天喝四杯的！,2025-03-22 20:44:47+08:00,0,0,0,罗伯特贱萌版,f
动动,2025-03-22 21:09:51+08:00,0,0,0,河南,f
哈哈哈哈，不知道为啥喝完瑞幸就肚子疼,2025-03-22 20:45:51+08:00,0,0,0,辽宁,f
圣代的诱惑谁能抵挡，不吃后悔系列，我猜你的味蕾现在正在跳舞,2025-03-22 20:44:48+08:00,0,0,0,罗伯特贱萌版,f
看来蜜雪要拿“最佳陪伴奖”来回报你的厚爱了，毕竟不是谁都愿意一天喝四杯的！,2025-03-22 20:44:47+08:00,0,0,0,罗伯特贱萌版,f
今天门口的蜜雪排队,2025-03-22 20:58:11+08:00,0,0,0,山东,m
山姆的过期牛奶怎么这群逼都禁声了,2025-03-21 20:23:18+08:00,803,19,0,重庆,m
我以前从没喝过蜜雪冰城，特意买了两杯。,2025-03-21 20:29:33+08:00,260,18,0,湖南,m
确实啊，查来查去就查到隔夜柠檬。。,2025-03-21 20:08:28+08:00,211,3,0,广东,m
媒体：众人皆夸我独骂，举世皆浊我清高,2025-03-21 20:09:37+08:00,140,4,0,河南,m
我看着冰箱里那半个放了一周的柠檬，还有前天剩的红烧肉，口水鸡陷入沉思！,2025-03-21 21:39:40+08:00,125,6,0,广东,m
气的我一个糖尿病患者都买了杯柠檬水感觉欺负到自己头上了,2025-03-21 22:21:07+08:00,61,4,0,吉林,m
这么便宜的价格还用真的水果，我觉得很良心了……,2025-03-21 20:31:24+08:00,71,1,0,江苏,f
支持 我以前还以为蜜雪冰城是科技才这么便宜,2025-03-21 21:10:03+08:00,39,0,0,山东,m
昨天消费的柠檬水，3.32元。,2025-03-21 20:47:39+08:00,24,1,0,北京,m
感谢TV，我有知道了一家良心企业,2025-03-21 21:53:39+08:00,30,0,0,江西,m
我看看我这有没有有我就试试,2025-03-22 20:46:40+08:00,0,2,0,上海,f
看看怎么回事,2025-03-22 10:42:07+08:00,2,1,0,上海,f
这是怎么回事,2025-03-22 10:38:53+08:00,2,1,0,上海,f
,2025-03-22 10:36:11+08:00,1,0,0,安徽,f
好玩,2025-03-22 10:36:08+08:00,1,0,0,安徽,f
可爱,2025-03-22 10:36:01+08:00,1,0,0,安徽,f
不会吧！,2025-03-22 12:15:07+08:00,0,0,0,北京,f
什么情况,2025-03-22 11:01:37+08:00,0,0,0,四川,f
咋回事啊,2025-03-22 10:47:41+08:00,0,0,0,广西,m
上午好！,2025-03-22 11:08:53+08:00,0,0,0,贵州,f
感谢分享,2025-03-22 10:46:19+08:00,0,0,0,江苏,f
哈哈哈哈哈哈哈哈哈 解气,2025-03-22 19:15:31+08:00,1,0,0,河南,m
建议看2D IMAX,2025-03-22 19:08:01+08:00,0,1,0,北京,m
回来的正是时候，现在哪吒imax的位置随便选，我去前两次位置都不是很理想。。准备3刷,2025-03-22 20:54:38+08:00,0,0,0,上海,m
哈哈哈哈回来了,2025-03-22 18:44:14+08:00,0,0,0,广东,f
,2025-03-22 21:06:58+08:00,0,0,0,广东,f
哈哈哈第二条,2025-03-22 20:07:30+08:00,0,0,0,重庆,f
转发微博,2025-03-22 19:29:17+08:00,0,0,0,北京,m
哈哈哈哈哈哈,2025-03-22 19:58:28+08:00,0,0,0,北京,f
哈哈这个办法可以,2025-03-22 20:30:33+08:00,1,0,0,河南,f
太惨了,2025-03-22 20:29:25+08:00,1,1,0,浙江,f
这经历有点惨，不过可能店里有规定，以后工作可得注意点。,2025-03-22 20:22:24+08:00,1,0,0,江苏,m
哈哈哈哈哈,2025-03-22 21:04:11+08:00,0,0,0,山东,f
你爱我我爱你蜜雪冰城甜蜜蜜,2025-03-22 20:31:01+08:00,0,0,0,上海,m
哇，这是蜜雪冰城粉丝团团长上线了嘛？三个不同口味，这是要召唤神龙吗？🍦🎉,2025-03-22 20:30:13+08:00,0,0,0,北京,f
@蜜雪冰城 店长是用来干什么的 还跟我说是新员工的问题 不想多说了,2025-03-22 20:30:18+08:00,0,0,0,浙江,f
下次来杯开心果，心情或许真就果绿了，生活嘛，加点料更有味~,2025-03-22 20:51:43+08:00,0,0,0,北京,m
这应该上315,2025-03-22 20:28:37+08:00,0,0,0,河南,m
那必须,2025-03-22 20:36:44+08:00,0,1,0,广东,m
这个主题好好看  在哪里拍的呀,2025-03-22 11:13:12+08:00,0,1,0,浙江,f
公主好美,2025-03-22 13:58:12+08:00,1,1,0,韩国,f
好棒,2025-03-22 20:45:33+08:00,0,0,0,北京,m
我滴个乖乖，真棒,2025-03-22 12:18:04+08:00,0,0,0,河南,m
好漂亮,2025-03-22 11:52:22+08:00,0,0,0,贵州,m
好美[小繁花][小繁花][小繁花][小繁花][小繁花][小繁花],2025-03-22 11:31:39+08:00,0,0,0,上海,m
叮~！您使用 “蜜雪冰城” 发布的微博，已被超话君收录到您的专属超话 蜜雪冰城 中了凹~想知道粉丝们都在超话里聊些什么嘛~快来宠粉翻牌吧！直达现场&gt;&gt;  蜜雪冰城,2025-03-22 18:00:03+08:00,0,0,0,,m
到了桃子🍑的季节了吗？,2025-03-22 18:29:50+08:00,1,0,0,河南,f
第一,2025-03-22 18:01:01+08:00,1,0,0,北京,f
可爱嘻嘻！,2025-03-22 20:31:22+08:00,0,0,0,新疆,f
是有新品了嘛，雪王。又努力工作了一天,2025-03-22 18:42:51+08:00,0,0,0,天津,f
雪，看我名字,2025-03-22 18:10:15+08:00,0,0,0,陕西,m
我哭亖，雪王是真用水果啊,2025-03-22 18:02:31+08:00,0,0,0,湖南,f
雪王打工哈哈哈哈哈,2025-03-22 20:52:20+08:00,0,0,0,河南,f
再说一次！香芋大圣代！！,2025-03-22 20:49:25+08:00,0,0,0,四川,f
这吨位一车少拉半车🍑,2025-03-22 20:47:25+08:00,0,0,0,湖北,f
绿豆的略甜,2025-03-22 20:19:06+08:00,0,0,0,山东,f
葡萄雪芭好吃,2025-03-22 20:18:58+08:00,0,0,0,山东,f
叮~！您使用 “蜜雪冰城” 发布的微博，已被超话君收录到您的专属超话 蜜雪冰城 中了凹~想知道粉丝们都在超话里聊些什么嘛~快来宠粉翻牌吧！直达现场&gt;&gt;  蜜雪冰城,2025-03-22 18:00:03+08:00,0,0,0,,m
到了桃子🍑的季节了吗？,2025-03-22 18:29:50+08:00,1,0,0,河南,f
第一,2025-03-22 18:01:01+08:00,1,0,0,北京,f
可爱嘻嘻！,2025-03-22 20:31:22+08:00,0,0,0,新疆,f
是有新品了嘛，雪王。又努力工作了一天,2025-03-22 18:42:51+08:00,0,0,0,天津,f
雪，看我名字,2025-03-22 18:10:15+08:00,0,0,0,陕西,m
我哭亖，雪王是真用水果啊,2025-03-22 18:02:31+08:00,0,0,0,湖南,f
雪王打工哈哈哈哈哈,2025-03-22 20:52:20+08:00,0,0,0,河南,f
再说一次！香芋大圣代！！,2025-03-22 20:49:25+08:00,0,0,0,四川,f
这吨位一车少拉半车🍑,2025-03-22 20:47:25+08:00,0,0,0,湖北,f
绿豆的略甜,2025-03-22 20:19:06+08:00,0,0,0,山东,f
葡萄雪芭好吃,2025-03-22 20:18:58+08:00,0,0,0,山东,f
叮~！您使用 “蜜雪冰城” 发布的微博，已被超话君收录到您的专属超话 蜜雪冰城 中了凹~想知道粉丝们都在超话里聊些什么嘛~快来宠粉翻牌吧！直达现场&gt;&gt;  蜜雪冰城,2025-03-22 18:00:03+08:00,0,0,0,,m
到了桃子🍑的季节了吗？,2025-03-22 18:29:50+08:00,1,0,0,河南,f
第一,2025-03-22 18:01:01+08:00,1,0,0,北京,f
可爱嘻嘻！,2025-03-22 20:31:22+08:00,0,0,0,新疆,f
是有新品了嘛，雪王。又努力工作了一天,2025-03-22 18:42:51+08:00,0,0,0,天津,f
雪，看我名字,2025-03-22 18:10:15+08:00,0,0,0,陕西,m
我哭亖，雪王是真用水果啊,2025-03-22 18:02:31+08:00,0,0,0,湖南,f
雪王打工哈哈哈哈哈,2025-03-22 20:52:20+08:00,0,0,0,河南,f
再说一次！香芋大圣代！！,2025-03-22 20:49:25+08:00,0,0,0,四川,f
这吨位一车少拉半车🍑,2025-03-22 20:47:25+08:00,0,0,0,湖北,f
@跟着小狗就对了 没有熬夜的柠檬只有熬夜的打工人,2025-03-18 17:25:02+08:00,278,9,0,福建,f
哈哈哈哈，笑死，熬夜的柠檬🍋,2025-03-18 17:18:20+08:00,70,0,0,四川,f
熬夜柠檬,2025-03-18 16:36:26+08:00,21,0,0,北京,f
熬夜柠檬杯,2025-03-18 18:47:30+08:00,13,0,0,吉林,f
柠檬就不需要休息了嘛,2025-03-18 18:49:34+08:00,16,0,0,江苏,f
熬夜柠檬，哈哈哈,2025-03-18 23:12:28+08:00,2,0,0,安徽,f
可怜的打工人,2025-03-19 00:34:24+08:00,4,0,0,浙江,f
最终打工人承担了所有,2025-03-19 07:10:30+08:00,0,0,0,四川,f
,2025-03-18 22:06:07+08:00,0,0,0,山东,f
,2025-03-18 18:10:21+08:00,0,0,0,湖南,f
超级可爱的柚子宝宝,2025-03-22 20:42:07+08:00,0,0,0,四川,f
柚子,2025-03-22 20:05:30+08:00,0,0,0,河南,f
好吃吗胖儿,2025-03-22 20:00:16+08:00,0,0,0,河北,f
柚子旁边的小朋友怎么这么像外婆呀？,2025-03-22 19:30:11+08:00,0,0,0,北京,f
妈呀 好乖 姨姨想rua 一下,2025-03-22 19:03:34+08:00,0,0,0,四川,f
这个脆皮圣代是真的好吃,2025-03-22 18:49:57+08:00,0,0,0,江苏,f
柚子越来越可爱了,2025-03-22 18:43:38+08:00,0,0,0,重庆,f
,2025-03-22 18:31:26+08:00,0,0,0,甘肃,f
🍋:我通宵怎么了,2025-03-22 18:30:19+08:00,0,0,0,广西,f
偶遇可爱宝,2025-03-22 18:29:29+08:00,0,0,0,浙江,f
现在开始带节奏千禾了，这个好打,2025-03-21 14:35:57+08:00,25,18,0,青海,m
人家姓沪，没看到吗,2025-03-21 14:10:53+08:00,68,1,0,广东,f
因为是沪上,2025-03-21 14:19:28+08:00,23,0,0,泰国,f
沪上的深圳某南山地铁门店之前还薅骑手羊毛呢，一个店原材料不够了，就从另一家门店调货，下单让饿了么骑手送，完好送到后他们投诉货损，骑手反馈申诉他们先同意赔了骑手被平台扣的钱，反手又举报骑手收钱，导致骑手好几天不能接单，吃相不要太难看了啦，就无耻的很,2025-03-21 18:46:43+08:00,19,1,0,北京,f
沪上、汉口，buff大齐全,2025-03-22 16:04:07+08:00,0,0,0,广东,f
之前星某克不是也爆出一堆问题嘛？怎么没人管,2025-03-21 18:07:22+08:00,2,0,0,广西,m
霉体，是见人下菜碟，而且一定要规避资本主子,2025-03-22 18:32:46+08:00,0,0,0,河南,m
不够自由化是吧,2025-03-22 07:21:37+08:00,220,2,0,北京,m
原来是这样啊,2025-03-22 10:37:27+08:00,104,0,0,北京,f
越想黑蜜雪蜜雪更加红！！,2025-03-22 10:29:11+08:00,95,0,0,广东,m
哎～你别说～你还真别说。。。,2025-03-22 12:34:58+08:00,51,0,0,广东,f
真相大白,2025-03-22 15:07:08+08:00,30,0,0,广西,m
拍马屁而已,2025-03-22 09:30:54+08:00,1,6,0,浙江,m
很有可能这就是那五学当记者时候就有的敲诈手段,2025-03-22 18:12:21+08:00,9,0,0,北京,f
yysy搞思想工作还是有一套的,2025-03-22 14:28:16+08:00,5,0,0,上海,f
河南媒体不值得，建议搬来湖南,2025-03-22 09:33:49+08:00,6,4,0,湖南,f
居然很有说服力～,2025-03-22 14:36:15+08:00,13,0,0,上海,f
柠檬水是蜜雪冰城唯一好喝的了，其他都很难喝,2025-03-21 23:12:13+08:00,248,116,0,广东,m
那个拿剑的雪王有点像……,2025-03-21 23:17:12+08:00,386,2,0,广东,m
报废柠檬再告你个浪费食物,2025-03-21 23:15:13+08:00,257,4,0,吉林,m
雪王摆平自己，其他摆平媒体,2025-03-21 23:12:24+08:00,167,0,0,江苏,m
这下每天浪费的就要超过94.5吨了,2025-03-21 23:31:37+08:00,94,3,0,福建,f
因为媒体公器私用想讹诈钱，每年几百吨柠檬就被浪费了。等等，食物浪费是比PUA逼人自杀还严重的罪行，这不是央视最近强调的吗？你们媒体TM的能不能要点脸?,2025-03-22 07:11:50+08:00,64,1,0,北京,m
我还是在继续喝三分糖的冰柠檬水，我喜欢喝这个口感,2025-03-22 08:05:36+08:00,11,4,0,北京,m
“我不认为这是高尚的”,2025-03-22 03:34:38+08:00,11,0,0,河南,m
信不信明年315媒体会抨击蜜雪每年浪费94.6吨的柠檬，明明柠檬没坏却要被扔掉,2025-03-22 08:08:30+08:00,19,0,0,河南,f
那当天闭店前可以去要用剩下的吗？,2025-03-22 02:43:32+08:00,4,1,0,北京,m
我觉得那个香芋香精味太重了（虽然这个价格也不能要求什么。,2025-03-22 14:48:51+08:00,7,3,0,北京,f
我们这儿怎么没有,2025-03-22 14:47:23+08:00,0,3,0,河南,f
糯米是真的加进去了还是口感形容,2025-03-22 14:45:58+08:00,0,1,0,福建,f
？？？？出了我不知道的新口味啊啊啊啊,2025-03-22 14:45:14+08:00,1,0,0,湖南,f
同意！但是每次买他们都没有脆皮和糯米滋,2025-03-22 14:52:19+08:00,0,2,0,安徽,f
好怀念麦当劳的奶昔,2025-03-22 20:28:05+08:00,0,0,0,山东,f
对的对的！上回去买只吃到了布丁的好可惜,2025-03-22 17:50:54+08:00,0,0,0,四川,f
我们这没有看着好好吃啊…,2025-03-22 15:13:16+08:00,0,0,0,海南,f
好吃,2025-03-22 20:46:10+08:00,0,0,0,湖北,m
离我最近的那家只有布丁版,2025-03-22 19:29:56+08:00,0,0,0,湖北,f
这几年湖北和西边的邻居对河南可上心了,2025-03-22 12:15:52+08:00,9,4,0,河南,m
hb这边很多日精，不然你以为为啥种那么多樱花,2025-03-22 17:52:29+08:00,2,4,0,湖北,m
城市和城市之间的恶竞都如此可怕，简直了,2025-03-22 10:48:33+08:00,6,2,0,湖南,f
@极目新闻 你看着办,2025-03-22 17:02:46+08:00,0,0,0,湖北,m
原来如此,2025-03-22 17:56:50+08:00,0,0,0,云南,m
看看怎么回事,2025-03-22 10:42:07+08:00,2,1,0,上海,f
这是怎么回事,2025-03-22 10:38:53+08:00,2,1,0,上海,f
,2025-03-22 10:36:11+08:00,1,0,0,安徽,f
好玩,2025-03-22 10:36:08+08:00,1,0,0,安徽,f
可爱,2025-03-22 10:36:01+08:00,1,0,0,安徽,f
不会吧！,2025-03-22 12:15:07+08:00,0,0,0,北京,f
什么情况,2025-03-22 11:01:37+08:00,0,0,0,四川,f
咋回事啊,2025-03-22 10:47:41+08:00,0,0,0,广西,m
上午好！,2025-03-22 11:08:53+08:00,0,0,0,贵州,f
感谢分享,2025-03-22 10:46:19+08:00,0,0,0,江苏,f
给我,2025-03-22 09:38:38+08:00,1,1,0,福建,f
诡秘你柠檬水有了,2025-03-22 10:44:24+08:00,1,1,0,福建,m
分我,2025-03-22 10:25:49+08:00,1,1,0,山东,f
可以可以,2025-03-22 09:57:21+08:00,1,1,0,四川,m
分红,2025-03-22 09:44:15+08:00,1,1,0,江西,f
,2025-03-22 09:41:09+08:00,1,1,0,湖南,f
赚了一个柳智敏,2025-03-22 09:40:52+08:00,1,1,0,内蒙古,f
笑晕了,2025-03-22 09:38:53+08:00,1,1,0,广东,m
给我,2025-03-22 09:39:01+08:00,1,1,0,河南,m
给我,2025-03-22 13:02:56+08:00,1,0,0,四川,f
现在老人们正流行沙棘籽油和骆驼奶粉呢,2025-03-21 01:16:05+08:00,66,8,0,广东,f
老年人保健品市场大，资本的力量大到能操控媒体，雪王才多大？一个卖柠檬水的，随便拿捏。,2025-03-21 00:27:41+08:00,75,1,0,湖北,m
首先：315并没有说蜜雪冰城的事，是地方媒体搞得事，,2025-03-20 23:40:50+08:00,17,3,0,福建,m
驼奶粉，包治百病的驼奶粉。,2025-03-21 00:50:33+08:00,23,0,0,江西,m
现在人造谣一张嘴胡说呢，315有提蜜雪的事？,2025-03-21 06:51:05+08:00,9,0,0,河南,m
因为蜜雪冰城不会揍他，你看忽悠老人店的背后，几个没有黑社会背景？,2025-03-21 08:56:15+08:00,8,0,0,北京,m
电诈集团那么多电话卡好像是咱们的把，三大运营商不去查查还是不敢？,2025-03-21 05:59:02+08:00,9,0,0,山东,m
老年人保健品请了多少明星代言，给媒体带货多少流量,2025-03-21 07:18:57+08:00,8,0,0,湖南,m
天天315才行，否则打不过来,2025-03-21 08:09:34+08:00,5,0,0,宁夏,m
因为他们眼红了,2025-03-21 07:54:09+08:00,4,0,0,四川,f
哪找的图片,2025-03-22 21:16:53+08:00,0,1,0,广东,f
看看银行卡余额,2025-03-22 21:18:42+08:00,0,0,0,湖北,f
今天门口的蜜雪排队,2025-03-22 20:58:11+08:00,0,0,0,山东,m
柠檬片效应就是说,2025-03-22 21:15:19+08:00,0,0,0,河南,m
真的太像雪王了，尤其脸蛋圆圆的，可可爱爱的,2025-03-22 20:35:07+08:00,23,0,0,浙江,f
雪王那个弹幕好好笑,2025-03-22 20:35:33+08:00,6,0,0,重庆,f
哈哈哈真的,2025-03-22 20:36:53+08:00,0,0,0,陕西,f
雪王👑,2025-03-22 21:16:46+08:00,0,0,0,江苏,f
今晚的母女情看哭了,2025-03-22 20:47:02+08:00,0,0,0,四川,m
真的,2025-03-22 20:39:19+08:00,0,0,0,湖北,f
也不对 做那么多研报我可能早就似了,2025-03-22 21:11:44+08:00,0,0,0,新加坡,m
今天我这有满15抽奖，抽到一个杯子,2025-03-22 20:54:01+08:00,3,2,0,上海,f
有我,2025-03-22 21:04:46+08:00,0,0,0,福建,m
黑幕！,2025-03-22 21:13:45+08:00,0,0,0,河北,m
嗨幕，为什么我没中！哦我没抽啊,2025-03-22 20:55:56+08:00,0,0,0,云南,f
柠檬水是蜜雪冰城唯一好喝的了，其他都很难喝,2025-03-21 23:12:13+08:00,250,116,0,广东,m
那个拿剑的雪王有点像……,2025-03-21 23:17:12+08:00,388,2,0,广东,m
报废柠檬再告你个浪费食物,2025-03-21 23:15:13+08:00,260,4,0,吉林,m
雪王摆平自己，其他摆平媒体,2025-03-21 23:12:24+08:00,167,0,0,江苏,m
这下每天浪费的就要超过94.5吨了,2025-03-21 23:31:37+08:00,96,3,0,福建,f
因为媒体公器私用想讹诈钱，每年几百吨柠檬就被浪费了。等等，食物浪费是比PUA逼人自杀还严重的罪行，这不是央视最近强调的吗？你们媒体TM的能不能要点脸?,2025-03-22 07:11:50+08:00,64,1,0,北京,m
我还是在继续喝三分糖的冰柠檬水，我喜欢喝这个口感,2025-03-22 08:05:36+08:00,11,4,0,北京,m
“我不认为这是高尚的”,2025-03-22 03:34:38+08:00,11,0,0,河南,m
信不信明年315媒体会抨击蜜雪每年浪费94.6吨的柠檬，明明柠檬没坏却要被扔掉,2025-03-22 08:08:30+08:00,19,0,0,河南,f
那当天闭店前可以去要用剩下的吗？,2025-03-22 02:43:32+08:00,4,1,0,北京,m
觅血兵城,2025-03-21 23:10:17+08:00,7,0,0,广东,f
媒体发现自己没办法操控舆论了，气的对着蜜雪冰城喊到“你居然每年使用94吨隔夜柠檬片！”,2025-03-22 00:50:17+08:00,12,0,0,上海,m
做个耻辱墙都这么可爱，也是独一无二了,2025-03-22 07:04:48+08:00,6,0,0,山东,f
没切开的呢,2025-03-22 01:33:54+08:00,0,1,0,江苏,m
当天要报废的柠檬可不可以打折卖？早前找到个叫“惜食魔法袋”的做这类销售的小程序，每天晚8点前下单，八点后去店里取店家计划当天没卖掉要销毁的食品,2025-03-22 14:34:03+08:00,1,0,0,天津,m
硬找话题的媒体可不愿意好好宣传这个,2025-03-22 09:15:30+08:00,1,0,0,河南,m
因为蜜雪冰城本身就不让柠檬过夜过夜是加盟商的问题，加盟商违规然后路人去维护蜜雪冰城这很奇怪啊加盟商和蜜雪冰城不是一体的,2025-03-22 10:05:24+08:00,2,0,0,浙江,f
店员的工资又没涨，又搁这儿折腾店员平添多余的劳累了，,2025-03-22 12:21:03+08:00,2,0,0,江苏,f
徒增不必要的成本，伤害的从不是蜜雪冰城总部，而是每个加盟雪王的创业人。,2025-03-22 09:05:47+08:00,2,0,0,河南,m
别扔啊，咱不就来晚了几小时吗,2025-03-22 08:54:57+08:00,2,0,0,广东,m
隔夜员工笑死,2025-03-18 19:38:48+08:00,230,2,0,上海,f
可是原来一个班上10个小时，现在得3班倒啊，应该开心吧,2025-03-19 11:47:13+08:00,18,1,0,陕西,f
员工不容易,2025-03-18 18:17:55+08:00,49,3,0,广西,f
哈哈哈哈哈，隔夜员工,2025-03-18 17:20:14+08:00,3,0,0,山东,f
继续喝呗,2025-03-18 17:26:16+08:00,1,0,0,湖北,f
隔夜牛马，熬夜柠檬,2025-03-18 22:11:28+08:00,22,0,0,江苏,f
我以后努力喝柠檬🍋～嘻嘻～,2025-03-19 14:52:55+08:00,3,0,0,江苏,f
我觉得蜜雪应该坚持自己的底线，没必要为了无良媒体走这条路。,2025-03-19 12:29:03+08:00,1,0,0,浙江,f
不让柠檬隔夜 就让牛马隔夜,2025-03-19 10:23:58+08:00,2,0,0,浙江,m
只要不关门都不叫隔夜,2025-03-19 03:51:54+08:00,3,0,0,福建,f
晚上好，很不高兴为您服务//@Liiiiiii_yx流月:隔夜员工笑死,2025-03-18 22:53:54+08:00,3,0,0,广东,f
是真的吗，笑死,2025-03-18 18:20:57+08:00,3,0,0,浙江,f
哈哈哈哈哈,2025-03-19 07:12:15+08:00,1,0,0,四川,f
,2025-03-19 01:50:16+08:00,1,0,0,浙江,f
,2025-03-18 21:45:39+08:00,1,0,0,河南,f
哈哈哈哈哈,2025-03-18 21:25:07+08:00,1,0,0,北京,f
配的插动图很好,2025-03-18 22:27:49+08:00,1,0,0,河南,f
很好看，我喜欢,2025-03-18 20:29:09+08:00,0,0,0,浙江,f
晚上好,2025-03-18 20:03:52+08:00,0,0,0,江苏,f
晚上好呀,2025-03-18 19:59:05+08:00,0,0,0,中国香港,f
超级可爱的柚子宝宝,2025-03-22 20:42:07+08:00,0,0,0,四川,f
柚子,2025-03-22 20:05:30+08:00,0,0,0,河南,f
好吃吗胖儿,2025-03-22 20:00:16+08:00,0,0,0,河北,f
柚子旁边的小朋友怎么这么像外婆呀？,2025-03-22 19:30:11+08:00,0,0,0,北京,f
妈呀 好乖 姨姨想rua 一下,2025-03-22 19:03:34+08:00,0,0,0,四川,f
这个脆皮圣代是真的好吃,2025-03-22 18:49:57+08:00,0,0,0,江苏,f
柚子越来越可爱了,2025-03-22 18:43:38+08:00,0,0,0,重庆,f
,2025-03-22 18:31:26+08:00,0,0,0,甘肃,f
🍋:我通宵怎么了,2025-03-22 18:30:19+08:00,0,0,0,广西,f
偶遇可爱宝,2025-03-22 18:29:29+08:00,0,0,0,浙江,f
图二手机号,2025-03-22 20:01:33+08:00,0,0,0,广西,m
我觉得那个香芋香精味太重了（虽然这个价格也不能要求什么。,2025-03-22 14:48:51+08:00,7,3,0,北京,f
我们这儿怎么没有,2025-03-22 14:47:23+08:00,0,3,0,河南,f
糯米是真的加进去了还是口感形容,2025-03-22 14:45:58+08:00,0,1,0,福建,f
？？？？出了我不知道的新口味啊啊啊啊,2025-03-22 14:45:14+08:00,1,0,0,湖南,f
同意！但是每次买他们都没有脆皮和糯米滋,2025-03-22 14:52:19+08:00,0,2,0,安徽,f
好怀念麦当劳的奶昔,2025-03-22 20:28:05+08:00,0,0,0,山东,f
对的对的！上回去买只吃到了布丁的好可惜,2025-03-22 17:50:54+08:00,0,0,0,四川,f
我们这没有看着好好吃啊…,2025-03-22 15:13:16+08:00,0,0,0,海南,f
好吃,2025-03-22 20:46:10+08:00,0,0,0,湖北,m
离我最近的那家只有布丁版,2025-03-22 19:29:56+08:00,0,0,0,湖北,f
不考虑成份真的很好的,2025-03-22 18:27:10+08:00,0,0,0,安徽,f
是吗，要吃,2025-03-22 17:07:58+08:00,0,0,0,江苏,f
好的回家就去买！上次吃香芋冰淇淋感觉很像小时候的大头雪糕,2025-03-22 16:59:37+08:00,0,0,0,浙江,f
没书看了老公,2025-03-22 16:04:45+08:00,0,0,0,吉林,f
同意，就是那个糯米糍感觉是我小时候大街上叫卖的黄米饭,2025-03-22 16:01:38+08:00,0,0,0,黑龙江,f
不行，代巧克力脆皮很难吃，,2025-03-22 15:30:19+08:00,0,0,0,湖北,f
！等下我就去吃,2025-03-22 15:28:28+08:00,0,0,0,湖北,m
刚吃了一个甜筒🍦,2025-03-22 15:23:58+08:00,0,0,0,安徽,f
对的！！巨好吃！！,2025-03-22 15:20:07+08:00,0,0,0,上海,f
好吃！就是圣代太小了,2025-03-22 15:08:53+08:00,0,0,0,黑龙江,f
叮~！您使用 “蜜雪冰城” 发布的微博，已被超话君收录到您的专属超话 蜜雪冰城 中了凹~想知道粉丝们都在超话里聊些什么嘛~快来宠粉翻牌吧！直达现场&gt;&gt;  蜜雪冰城,2025-03-22 18:00:03+08:00,0,0,0,,m
到了桃子🍑的季节了吗？,2025-03-22 18:29:50+08:00,1,0,0,河南,f
第一,2025-03-22 18:01:01+08:00,1,0,0,北京,f
嗯！蜜桃四季春长的不错,2025-03-22 21:22:22+08:00,0,0,0,广东,f
可爱嘻嘻！,2025-03-22 20:31:22+08:00,0,0,0,新疆,f
是有新品了嘛，雪王。又努力工作了一天,2025-03-22 18:42:51+08:00,0,0,0,天津,f
雪，看我名字,2025-03-22 18:10:15+08:00,0,0,0,陕西,m
我哭亖，雪王是真用水果啊,2025-03-22 18:02:31+08:00,0,0,0,湖南,f
看着就想吃喝,2025-03-22 21:35:30+08:00,0,0,0,河南,m
雪王打工哈哈哈哈哈,2025-03-22 20:52:20+08:00,0,0,0,河南,f
再说一次！香芋大圣代！！,2025-03-22 20:49:25+08:00,0,0,0,四川,f
这吨位一车少拉半车🍑,2025-03-22 20:47:25+08:00,0,0,0,湖北,f
雪王好棒最喜欢蜜桃四季春,2025-03-22 20:34:06+08:00,1,0,0,重庆,f
雪王好勤快,2025-03-22 19:57:22+08:00,0,0,0,山西,f
香芋还没喝够，又要上桃子了,2025-03-22 19:50:18+08:00,0,0,0,黑龙江,f
,2025-03-22 19:38:20+08:00,0,0,0,江苏,f
桃桃摇摇奶昔能回归吗 超爱桃桃摇摇奶昔,2025-03-22 18:28:59+08:00,0,0,0,安徽,f
雪王竟然能忍住不偷吃,2025-03-22 18:25:10+08:00,0,0,0,广东,f
有桃子了？！,2025-03-22 18:02:19+08:00,0,0,0,山东,m
哟哟哟,2025-03-22 18:15:05+08:00,0,0,0,新疆,f
不够自由化是吧,2025-03-22 07:21:37+08:00,240,2,0,北京,m
原来是这样啊,2025-03-22 10:37:27+08:00,110,0,0,北京,f
越想黑蜜雪蜜雪更加红！！,2025-03-22 10:29:11+08:00,101,0,0,广东,m
哎～你别说～你还真别说。。。,2025-03-22 12:34:58+08:00,57,0,0,广东,f
真相大白,2025-03-22 15:07:08+08:00,32,0,0,广西,m
拍马屁而已,2025-03-22 09:30:54+08:00,1,6,0,浙江,m
很有可能这就是那五学当记者时候就有的敲诈手段,2025-03-22 18:12:21+08:00,11,0,0,北京,f
yysy搞思想工作还是有一套的,2025-03-22 14:28:16+08:00,7,0,0,上海,f
河南媒体不值得，建议搬来湖南,2025-03-22 09:33:49+08:00,6,4,0,湖南,f
四块一杯，工作人员忙得飞起,2025-03-22 21:36:17+08:00,0,0,0,湖南,f
居然很有说服力～,2025-03-22 14:36:15+08:00,13,0,0,上海,f
@北京日报@封面新闻 没别的意思就是你能不能跪下来道个歉,2025-03-22 20:52:09+08:00,5,0,0,海南,m
很明显，那些疯狂撕咬的，就是冲着这个去的呗，要不然就🍋隔夜，至于么,2025-03-22 20:19:39+08:00,11,0,0,北京,m
不必过分解读 这个体量的企业都有党支部,2025-03-22 15:47:10+08:00,8,0,0,江苏,f
刚刚照的，买的人超级多,2025-03-22 14:45:01+08:00,9,1,0,北京,f
我之前就关注了，今天才发现怎么自动被取消关注了,2025-03-22 21:18:56+08:00,0,0,0,湖北,m
你这么说那还真有可能,2025-03-22 14:29:46+08:00,4,0,0,重庆,m
建议来湖北，铺子这么大的舆论武汉都一起扛下来了，可见营商环境多好,2025-03-22 17:36:59+08:00,2,0,0,广西,f
太开门了,2025-03-22 15:59:20+08:00,0,0,0,山东,m
,2025-03-22 07:48:19+08:00,0,0,0,上海,f
看看怎么回事,2025-03-22 10:42:07+08:00,2,1,0,上海,f
这是怎么回事,2025-03-22 10:38:53+08:00,2,1,0,上海,f
,2025-03-22 10:36:11+08:00,1,0,0,安徽,f
好玩,2025-03-22 10:36:08+08:00,1,0,0,安徽,f
可爱,2025-03-22 10:36:01+08:00,1,0,0,安徽,f
不会吧！,2025-03-22 12:15:07+08:00,0,0,0,北京,f
什么情况,2025-03-22 11:01:37+08:00,0,0,0,四川,f
咋回事啊,2025-03-22 10:47:41+08:00,0,0,0,广西,m
上午好！,2025-03-22 11:08:53+08:00,0,0,0,贵州,f
感谢分享,2025-03-22 10:46:19+08:00,0,0,0,江苏,f
尸体vv一暖,2025-03-22 17:27:29+08:00,0,0,0,越南,f
嘻嘻,2025-03-22 15:12:03+08:00,0,0,0,广东,f
这工资哪里高了,2025-03-22 10:29:13+08:00,1,0,0,湖南,f
这工资还高啊一小时 100/8=12.5,2025-03-22 10:16:15+08:00,0,0,0,广东,m
我一会就去买,2025-03-22 18:15:01+08:00,1,1,0,浙江,f
寒暑假，孩跟我去办公室，都会请他！,2025-03-22 18:13:16+08:00,1,1,0,江苏,m
转发微博,2025-03-22 21:31:25+08:00,0,0,0,加拿大,m
打卡蜜雪冰城，这波甜品满分！,2025-03-22 21:32:49+08:00,0,0,0,罗伯特,f
打卡蜜雪冰城，这波甜品满分！,2025-03-22 21:32:49+08:00,0,0,0,罗伯特,f
哈哈哈哈哈哈哈哈哈 解气,2025-03-22 19:15:31+08:00,1,0,0,河南,m
建议看2D IMAX,2025-03-22 19:08:01+08:00,0,1,0,北京,m
回来的正是时候，现在哪吒imax的位置随便选，我去前两次位置都不是很理想。。准备3刷,2025-03-22 20:54:38+08:00,0,0,0,上海,m
哈哈哈哈回来了,2025-03-22 18:44:14+08:00,0,0,0,广东,f
,2025-03-22 21:06:58+08:00,0,0,0,广东,f
哈哈哈第二条,2025-03-22 20:07:30+08:00,0,0,0,重庆,f
转发微博,2025-03-22 19:29:17+08:00,0,0,0,北京,m
哈哈哈哈哈哈,2025-03-22 19:58:28+08:00,0,0,0,北京,f
好宝宝,2025-03-22 15:11:27+08:00,0,0,0,广东,f
@Serend1pity___,2025-03-22 18:58:36+08:00,0,1,0,浙江,f
@红烧小虞头 @草莓米糕_ 宝宝我养你,2025-03-22 16:10:16+08:00,0,1,0,吉林,f
@WangYipe 狠狠宠你,2025-03-22 15:21:50+08:00,1,0,0,上海,m
那很体贴了🥹,2025-03-22 15:08:02+08:00,1,0,0,山东,m
哦哦哦,2025-03-22 17:46:10+08:00,0,0,0,北京,f
隔夜柠檬水给我喝拉了我都夸它通便，四块钱要什么自行车？,2025-03-22 16:44:31+08:00,0,0,0,江苏,f
因为 不用我自己做,2025-03-21 15:20:37+08:00,61,0,0,浙江,f
因为其他家要十几二十,2025-03-21 15:17:40+08:00,43,0,0,上海,m
啊？,2025-03-21 15:23:27+08:00,1,0,0,山东,f
啊这,2025-03-21 15:14:29+08:00,0,0,0,江西,f
你咋不问同样都是奶茶别的怎么17.8块,2025-03-21 21:28:35+08:00,13,4,0,安徽,f
因为我能喝柠檬水，吃不了柠檬。,2025-03-21 20:43:28+08:00,11,0,0,河北,m
账不是这个算法，门面费人工费还有各种隐形开支呢。,2025-03-22 00:56:55+08:00,12,0,0,北京,f
有的店十几块的柠檬水用的还是勾兑材料，一点柠檬都看不到,2025-03-22 01:08:50+08:00,9,0,0,广东,m
不便宜吗，柠檬口味的饮料都不止四块,2025-03-22 09:50:52+08:00,7,0,0,江西,f
那么问题来了，星巴克卖的咖啡纯算成本多少钱,2025-03-22 16:13:51+08:00,3,0,0,上海,m
你要怎么算，其实房子车子数码产品的成本也就那样，你自己搞一堆零件自己弄,2025-03-22 14:16:38+08:00,4,0,0,广东,m
你要这么算的话…你买一两面条才两块，早餐店卖你9块，菜市场一只鸡要不了一百块，一锅柴火鸡500……,2025-03-22 13:11:48+08:00,3,0,0,四川,f
说明你没买过柠檬。正常柠檬一块钱一个,2025-03-21 23:13:19+08:00,2,0,0,江苏,m
啥都自己做是便宜了，可是没那个时间，没那个味道，没那个方便啊,2025-03-22 21:26:22+08:00,1,0,0,河南,m
可不是咋的，五块都能买一把刀了，为什么要去医院做手术啊，以后生病自己喇自己嗷,2025-03-22 21:25:15+08:00,1,0,0,陕西,f
人工贵啊，店铺啥不用租金啊,2025-03-22 16:18:43+08:00,1,0,0,上海,f
谁告诉你，蜜雪冰城柠檬水4块钱？,2025-03-22 19:49:27+08:00,0,0,0,吉林,m
房租，人员工资都是成本啊,2025-03-22 14:53:14+08:00,0,0,0,四川,f
我不喝柠檬水，但我猜测一杯用一个柠檬的量，再加上冰块是不是就划算了！,2025-03-21 23:23:37+08:00,0,1,0,山东,f
泰山顶居然还有蜜雪冰城,2025-03-21 19:04:27+08:00,175,12,0,广东,m
我记得线下买是4块,2025-03-21 18:56:44+08:00,24,13,0,山东,m
泰山顶上水才4块放全国景区都算良心价了,2025-03-21 20:17:39+08:00,51,3,0,山东,f
河南也是，景区雪王只加一元钱,2025-03-21 19:20:19+08:00,54,0,0,广东,f
泰山是所有5A景区最良心的了,2025-03-21 21:05:57+08:00,16,1,0,山东,m
差不多吧，之前出去旅游，有个景区里边小小的水果盒10-15块一盒，矿泉水5块，冰鲜柠檬水也是5块。,2025-03-21 19:42:32+08:00,5,0,0,吉林,m
蜜雪事件就跟当年长城找比亚迪毛病，从里到外翻了个遍，最后就找出个高压油箱的问题。实在是挑不出大毛病了,2025-03-22 00:10:02+08:00,9,0,0,北京,m
我在三亚海角天涯逛的时候，别人卖那么贵，蜜雪冰城也没涨价,2025-03-21 22:15:29+08:00,8,0,0,山东,m
什么，泰山顶5块？卧槽,2025-03-21 20:50:08+08:00,3,0,0,上海,m
“甘露普济雪饮真君”,2025-03-22 11:40:41+08:00,3,0,0,江苏,m
我天呐这真的没得黑,2025-03-21 20:23:29+08:00,2,0,0,浙江,m
为了这杯，今年得再爬一次泰山,2025-03-21 19:29:57+08:00,5,0,0,北京,m
是的，不过开门太晚了，我看完日出想喝一杯的时候没开门,2025-03-22 12:19:52+08:00,0,0,0,山东,f
嗯,2025-03-21 23:16:18+08:00,0,0,0,辽宁,m
泰山顶上矿泉水4块一瓶其实也算良心价了。,2025-03-22 19:21:58+08:00,0,0,0,江苏,m
泰山顶上矿泉水才4块钱，不贵呀！,2025-03-22 17:33:17+08:00,0,0,0,北京,m
,2025-03-22 15:54:58+08:00,0,0,0,山东,m
旅游景区矿泉水6块起步,2025-03-22 10:53:28+08:00,0,0,0,广东,m
我说怎么涨了一块，原来是泰山顶还以为你吃回扣了,2025-03-22 08:23:35+08:00,0,0,0,浙江,m
我要是没记错的话，火车站也是五块,2025-03-22 08:13:55+08:00,0,0,0,上海,m
蜜雪冰城的惊喜，期待明天的味道！,2025-03-22 21:25:33+08:00,0,0,0,罗伯特,f
,2025-03-22 20:37:42+08:00,0,0,0,内蒙古,m
真的又便宜又好喝,2025-03-22 20:31:19+08:00,0,0,0,湖南,f
大家都爱,2025-03-22 20:33:10+08:00,0,0,0,广东,f
真的太像雪王了，尤其脸蛋圆圆的，可可爱爱的,2025-03-22 20:35:07+08:00,31,0,0,浙江,f
雪王那个弹幕好好笑,2025-03-22 20:35:33+08:00,7,0,0,重庆,f
哈哈哈真的,2025-03-22 20:36:53+08:00,0,0,0,陕西,f
雪王👑,2025-03-22 21:16:46+08:00,0,0,0,江苏,f
今晚的母女情看哭了,2025-03-22 20:47:02+08:00,0,0,0,四川,m
真的,2025-03-22 20:39:19+08:00,0,0,0,湖北,f
不够自由化是吧,2025-03-22 07:21:37+08:00,240,2,0,北京,m
原来是这样啊,2025-03-22 10:37:27+08:00,110,0,0,北京,f
越想黑蜜雪蜜雪更加红！！,2025-03-22 10:29:11+08:00,101,0,0,广东,m
哎～你别说～你还真别说。。。,2025-03-22 12:34:58+08:00,57,0,0,广东,f
真相大白,2025-03-22 15:07:08+08:00,32,0,0,广西,m
拍马屁而已,2025-03-22 09:30:54+08:00,1,6,0,浙江,m
很有可能这就是那五学当记者时候就有的敲诈手段,2025-03-22 18:12:21+08:00,11,0,0,北京,f
yysy搞思想工作还是有一套的,2025-03-22 14:28:16+08:00,7,0,0,上海,f
河南媒体不值得，建议搬来湖南,2025-03-22 09:33:49+08:00,6,4,0,湖南,f
四块一杯，工作人员忙得飞起,2025-03-22 21:36:17+08:00,0,0,0,湖南,f
居然很有说服力～,2025-03-22 14:36:15+08:00,13,0,0,上海,f
@北京日报@封面新闻 没别的意思就是你能不能跪下来道个歉,2025-03-22 20:52:09+08:00,5,0,0,海南,m
很明显，那些疯狂撕咬的，就是冲着这个去的呗，要不然就🍋隔夜，至于么,2025-03-22 20:19:39+08:00,11,0,0,北京,m
不必过分解读 这个体量的企业都有党支部,2025-03-22 15:47:10+08:00,8,0,0,江苏,f
刚刚照的，买的人超级多,2025-03-22 14:45:01+08:00,9,1,0,北京,f
我之前就关注了，今天才发现怎么自动被取消关注了,2025-03-22 21:18:56+08:00,0,0,0,湖北,m
你这么说那还真有可能,2025-03-22 14:29:46+08:00,4,0,0,重庆,m
建议来湖北，铺子这么大的舆论武汉都一起扛下来了，可见营商环境多好,2025-03-22 17:36:59+08:00,2,0,0,广西,f
太开门了,2025-03-22 15:59:20+08:00,0,0,0,山东,m
,2025-03-22 07:48:19+08:00,0,0,0,上海,f
熊也想吃,2025-03-22 21:23:19+08:00,0,0,0,江苏,f
现在老人们正流行沙棘籽油和骆驼奶粉呢,2025-03-21 01:16:05+08:00,66,8,0,广东,f
老年人保健品市场大，资本的力量大到能操控媒体，雪王才多大？一个卖柠檬水的，随便拿捏。,2025-03-21 00:27:41+08:00,76,1,0,湖北,m
首先：315并没有说蜜雪冰城的事，是地方媒体搞得事，,2025-03-20 23:40:50+08:00,18,3,0,福建,m
驼奶粉，包治百病的驼奶粉。,2025-03-21 00:50:33+08:00,23,0,0,江西,m
现在人造谣一张嘴胡说呢，315有提蜜雪的事？,2025-03-21 06:51:05+08:00,9,0,0,河南,m
因为蜜雪冰城不会揍他，你看忽悠老人店的背后，几个没有黑社会背景？,2025-03-21 08:56:15+08:00,8,0,0,北京,m
电诈集团那么多电话卡好像是咱们的把，三大运营商不去查查还是不敢？,2025-03-21 05:59:02+08:00,9,0,0,山东,m
老年人保健品请了多少明星代言，给媒体带货多少流量,2025-03-21 07:18:57+08:00,8,0,0,湖南,m
天天315才行，否则打不过来,2025-03-21 08:09:34+08:00,5,0,0,宁夏,m
因为他们眼红了,2025-03-21 07:54:09+08:00,4,0,0,四川,f
因为蜜雪冰城倒不了 卸了老年保健品的桌子 就会饿死很多人,2025-03-21 09:21:41+08:00,2,1,0,辽宁,m
身边就有老人被坑十几万，儿女劝说，被指不孝。,2025-03-21 08:17:03+08:00,4,0,0,山东,m
他们就是不敢去冲那用煤油罐车装食用油的金龙鱼,2025-03-21 10:07:47+08:00,4,0,0,宁夏,m
三七粉，益生菌，纳豆，分子肽，等等等，各种往嘴里炫,2025-03-21 10:36:24+08:00,3,0,0,四川,m
因为315曝光的是大家不知道的事情。,2025-03-21 11:49:16+08:00,1,0,0,江苏,m
银发经济促进消费，一单就是几万几十万的消费，蜜雪要多少杯柠檬水了,2025-03-21 11:29:35+08:00,2,0,0,四川,f
退休工资,2025-03-21 10:12:02+08:00,1,0,0,四川,m
因为曝光别人的央S就是卖保健品的,2025-03-21 09:08:19+08:00,1,0,0,江苏,f
有没有听说过食用菌的,2025-03-21 08:56:08+08:00,1,0,0,山东,m
哪找的图片,2025-03-22 21:16:53+08:00,0,2,0,广东,f
…,2025-03-22 21:21:28+08:00,0,1,0,山东,f
看看银行卡余额,2025-03-22 21:18:42+08:00,0,1,0,湖北,f
都是因为🦪人家才一毛钱都没有了,2025-03-22 21:26:01+08:00,0,0,0,安徽,f
拿着我的零钱截图装什么,2025-03-22 21:25:36+08:00,0,0,0,安徽,f
拼柠檬茶吗 2r一位,2025-03-22 21:24:39+08:00,0,0,0,广东,f
刚支持完,2025-03-22 21:20:32+08:00,0,0,0,辽宁,m
今天门口的蜜雪排队,2025-03-22 20:58:11+08:00,0,0,0,山东,m
超级可爱的柚子宝宝,2025-03-22 20:42:07+08:00,0,0,0,四川,f
柚子,2025-03-22 20:05:30+08:00,0,0,0,河南,f
好吃吗胖儿,2025-03-22 20:00:16+08:00,0,0,0,河北,f
柚子旁边的小朋友怎么这么像外婆呀？,2025-03-22 19:30:11+08:00,0,0,0,北京,f
妈呀 好乖 姨姨想rua 一下,2025-03-22 19:03:34+08:00,0,0,0,四川,f
这个脆皮圣代是真的好吃,2025-03-22 18:49:57+08:00,0,0,0,江苏,f
柚子越来越可爱了,2025-03-22 18:43:38+08:00,0,0,0,重庆,f
,2025-03-22 18:31:26+08:00,0,0,0,甘肃,f
🍋:我通宵怎么了,2025-03-22 18:30:19+08:00,0,0,0,广西,f
偶遇可爱宝,2025-03-22 18:29:29+08:00,0,0,0,浙江,f
图二手机号,2025-03-22 20:01:33+08:00,0,0,0,广西,m
因为排队太久给我打的雪顶超多，爽了,2025-03-22 21:33:40+08:00,0,0,0,河南,m
柠檬片效应就是说,2025-03-22 21:15:19+08:00,0,0,0,河南,m
也不对 做那么多研报我可能早就似了,2025-03-22 21:11:44+08:00,0,0,0,新加坡,m
也不对 做那么多研报我可能早就似了,2025-03-22 21:11:44+08:00,0,0,0,海外,m
今天我这有满15抽奖，抽到一个杯子,2025-03-22 20:54:01+08:00,5,2,0,上海,f
有我,2025-03-22 21:04:46+08:00,0,0,0,福建,m
中力好耶,2025-03-22 21:22:26+08:00,0,0,0,重庆,f
黑幕！,2025-03-22 21:13:45+08:00,0,0,0,河北,m
嗨幕，为什么我没中！哦我没抽啊,2025-03-22 20:55:56+08:00,0,0,0,云南,f
,2025-03-22 21:09:37+08:00,0,0,0,安徽,m
只有我认真回答问题，因为蜜雪的柠檬茶太难喝别说四块倒贴四块也不想喝，喝奶茶是放松不是受罪,2025-03-22 20:28:03+08:00,0,6,0,上海,f
因为上海人没品位,2025-03-21 23:51:15+08:00,0,7,0,上海,m
一个全是苏北人的城市就这样,2025-03-21 23:51:26+08:00,0,0,0,上海,m
难道不是因为租金贵，利润低不能覆盖租金吗。,2025-03-22 19:34:59+08:00,2,0,0,北京,m
因为上海不搞性价比，假清高和臭无知比较多，只能喝五十左右的星巴克，,2025-03-22 19:57:49+08:00,0,2,0,广东,m
广州很多蜜雪冰城啊,2025-03-22 18:30:07+08:00,0,1,0,广东,m
上海遍地都是。,2025-03-22 18:22:12+08:00,3,0,0,上海,m
图片评论,2025-03-22 17:07:51+08:00,1,0,0,湖北,m
寸土寸金的静安寺边上都有。怎么做不起来了？,2025-03-22 19:54:37+08:00,2,0,0,上海,f
也很多呀可能房租贵吧,2025-03-22 21:38:23+08:00,0,0,0,上海,m
你在扯什么淡，不过上海的蜜雪冰城贵1元，还有上海人最爱喝的是贵的要死的阿嬷手作,2025-03-22 21:19:03+08:00,0,0,0,江苏,m
啊？上海开不动？蜜雪冰城？nmd不是遍地都是蜜雪冰城吗？,2025-03-22 20:58:56+08:00,0,0,0,上海,m
到处都是啊,2025-03-22 20:57:19+08:00,0,0,0,上海,f
啊？目前蜜雪冰城上海以370家加盟店位居全国第一啊，这哪里的信息源？,2025-03-22 20:50:12+08:00,0,0,0,山东,m
放什么屁嘞，我一直买蜜雪冰城好吧。,2025-03-22 20:49:35+08:00,0,0,0,上海,m
上海很多家好吧，生意超好，博主一张嘴就是💩,2025-03-22 20:14:00+08:00,0,0,0,上海,m
比瑞幸确实少点,2025-03-22 19:16:28+08:00,0,0,0,上海,m
图片评论,2025-03-22 18:53:42+08:00,0,0,0,上海,f
放屁,2025-03-22 17:01:22+08:00,0,0,0,上海,m
山楂莓莓这波是甜品界的“翻车”现场啊，看来性价比不等于好味道嘛~下次试试别的好料，或许会有惊喜！,2025-03-22 21:10:33+08:00,0,0,0,罗伯特聪明版,f
为什么在学校可以喝到,2025-03-22 21:13:03+08:00,0,3,0,北京,f
